Geo_FIPS,Geo_GEOID,Geo_NAME,Geo_QName,Geo_STUSAB,Geo_SUMLEV,Geo_GEOCOMP,Geo_FILEID,Geo_LOGRECNO,Geo_US,Geo_REGION,Geo_DIVISION,Geo_STATECE,Geo_STATE,Geo_COUNTY,Geo_COUSUB,Geo_PLACE,Geo_PLACESE,Geo_TRACT,Geo_BLKGRP,Geo_CONCIT,Geo_AIANHH,Geo_AIANHHFP,Geo_AIHHTLI,Geo_AITSCE,Geo_AITS,Geo_ANRC,Geo_CBSA,Geo_CSA,Geo_METDIV,Geo_MACC,Geo_MEMI,Geo_NECTA,Geo_CNECTA,Geo_NECTADIV,Geo_UA,Geo_UACP,Geo_CDCURR,Geo_SLDU,Geo_SLDL,Geo_VTD,Geo_ZCTA3,Geo_ZCTA5,Geo_SUBMCD,Geo_SDELM,Geo_SDSEC,Geo_SDUNI,Geo_UR,Geo_PCI,Geo_TAZ,Geo_UGA,Geo_BTTR,Geo_BTBG,Geo_PUMA5,Geo_PUMA1,SE_A14006_001,SE_A09005_001,SE_A09005_002,SE_A09005_009,SE_A09005_010,SE_A09005_003,SE_A09005_004,SE_A09005_005,SE_A09005_006,SE_A09005_007,SE_A09005_008
"42003010300","14000US42003010300","Census Tract 103","Census Tract 103, Allegheny County, Pennsylvania","pa","140","00","ACSSF","0006111",,,,,"42","003",,,,"010300",,,,,,,,,,,,,,,,,,,,,,,,,,,,,,,,,,,,,21136,1449,500,389,111,163,0,23,670,0,93
"42003020100","14000US42003020100","Census Tract 201","Census Tract 201, Allegheny County, Pennsylvania","pa","140","00","ACSSF","0006112",,,,,"42","003",,,,"020100",,,,,,,,,,,,,,,,,,,,,,,,,,,,,,,,,,,,,87885,3117,894,796,98,415,0,39,1533,13,223
"42003020300","14000US42003020300","Census Tract 203","Census Tract 203, Allegheny County, Pennsylvania","pa","140","00","ACSSF","0006113",,,,,"42","003",,,,"020300",,,,,,,,,,,,,,,,,,,,,,,,,,,,,,,,,,,,,99397,834,535,489,46,92,0,5,113,8,81
"42003030500","14000US42003030500","Census Tract 305","Census Tract 305, Allegheny County, Pennsylvania","pa","140","00","ACSSF","0006114",,,,,"42","003",,,,"030500",,,,,,,,,,,,,,,,,,,,,,,,,,,,,,,,,,,,,17776,680,335,305,30,159,0,1,145,0,40
"42003040200","14000US42003040200","Census Tract 402","Census Tract 402, Allegheny County, Pennsylvania","pa","140","00","ACSSF","0006115",,,,,"42","003",,,,"040200",,,,,,,,,,,,,,,,,,,,,,,,,,,,,,,,,,,,,17773,701,202,150,52,183,0,0,231,13,72
"42003040400","14000US42003040400","Census Tract 404","Census Tract 404, Allegheny County, Pennsylvania","pa","140","00","ACSSF","0006116",,,,,"42","003",,,,"040400",,,,,,,,,,,,,,,,,,,,,,,,,,,,,,,,,,,,,30250,749,260,233,27,96,0,0,346,0,47
"42003040500","14000US42003040500","Census Tract 405","Census Tract 405, Allegheny County, Pennsylvania","pa","140","00","ACSSF","0006117",,,,,"42","003",,,,"040500",,,,,,,,,,,,,,,,,,,,,,,,,,,,,,,,,,,,,17932,1506,414,349,65,306,0,45,701,8,32
"42003040600","14000US42003040600","Census Tract 406","Census Tract 406, Allegheny County, Pennsylvania","pa","140","00","ACSSF","0006118",,,,,"42","003",,,,"040600",,,,,,,,,,,,,,,,,,,,,,,,,,,,,,,,,,,,,22981,1235,470,379,91,153,0,9,575,0,28
"42003040900","14000US42003040900","Census Tract 409","Census Tract 409, Allegheny County, Pennsylvania","pa","140","00","ACSSF","0006119",,,,,"42","003",,,,"040900",,,,,,,,,,,,,,,,,,,,,,,,,,,,,,,,,,,,,21277,1609,785,702,83,208,18,82,453,20,43
"42003050100","14000US42003050100","Census Tract 501","Census Tract 501, Allegheny County, Pennsylvania","pa","140","00","ACSSF","0006120",,,,,"42","003",,,,"050100",,,,,,,,,,,,,,,,,,,,,,,,,,,,,,,,,,,,,16366,592,272,253,19,260,0,0,54,0,6
"42003050600","14000US42003050600","Census Tract 506","Census Tract 506, Allegheny County, Pennsylvania","pa","140","00","ACSSF","0006121",,,,,"42","003",,,,"050600",,,,,,,,,,,,,,,,,,,,,,,,,,,,,,,,,,,,,46250,675,456,301,155,65,0,18,47,40,49
"42003050900","14000US42003050900","Census Tract 509","Census Tract 509, Allegheny County, Pennsylvania","pa","140","00","ACSSF","0006122",,,,,"42","003",,,,"050900",,,,,,,,,,,,,,,,,,,,,,,,,,,,,,,,,,,,,14894,392,184,102,82,145,0,0,63,0,0
"42003051000","14000US42003051000","Census Tract 510","Census Tract 510, Allegheny County, Pennsylvania","pa","140","00","ACSSF","0006123",,,,,"42","003",,,,"051000",,,,,,,,,,,,,,,,,,,,,,,,,,,,,,,,,,,,,14261,768,267,209,58,260,0,0,219,0,22
"42003051100","14000US42003051100","Census Tract 511","Census Tract 511, Allegheny County, Pennsylvania","pa","140","00","ACSSF","0006124",,,,,"42","003",,,,"051100",,,,,,,,,,,,,,,,,,,,,,,,,,,,,,,,,,,,,17386,51,24,7,17,27,0,0,0,0,0
"42003060300","14000US42003060300","Census Tract 603","Census Tract 603, Allegheny County, Pennsylvania","pa","140","00","ACSSF","0006125",,,,,"42","003",,,,"060300",,,,,,,,,,,,,,,,,,,,,,,,,,,,,,,,,,,,,69917,1475,944,816,128,190,20,57,130,10,124
"42003060500","14000US42003060500","Census Tract 605","Census Tract 605, Allegheny County, Pennsylvania","pa","140","00","ACSSF","0006126",,,,,"42","003",,,,"060500",,,,,,,,,,,,,,,,,,,,,,,,,,,,,,,,,,,,,45446,875,489,386,103,159,15,62,81,0,69
"42003070300","14000US42003070300","Census Tract 703","Census Tract 703, Allegheny County, Pennsylvania","pa","140","00","ACSSF","0006127",,,,,"42","003",,,,"070300",,,,,,,,,,,,,,,,,,,,,,,,,,,,,,,,,,,,,57798,1262,639,557,82,282,0,25,185,0,131
"42003070500","14000US42003070500","Census Tract 705","Census Tract 705, Allegheny County, Pennsylvania","pa","140","00","ACSSF","0006128",,,,,"42","003",,,,"070500",,,,,,,,,,,,,,,,,,,,,,,,,,,,,,,,,,,,,55135,2166,1096,986,110,698,0,52,263,0,57
"42003070600","14000US42003070600","Census Tract 706","Census Tract 706, Allegheny County, Pennsylvania","pa","140","00","ACSSF","0006129",,,,,"42","003",,,,"070600",,,,,,,,,,,,,,,,,,,,,,,,,,,,,,,,,,,,,59080,1432,800,707,93,497,0,34,79,0,22
"42003070800","14000US42003070800","Census Tract 708","Census Tract 708, Allegheny County, Pennsylvania","pa","140","00","ACSSF","0006130",,,,,"42","003",,,,"070800",,,,,,,,,,,,,,,,,,,,,,,,,,,,,,,,,,,,,60115,1554,845,739,106,347,12,21,210,51,68
"42003070900","14000US42003070900","Census Tract 709","Census Tract 709, Allegheny County, Pennsylvania","pa","140","00","ACSSF","0006131",,,,,"42","003",,,,"070900",,,,,,,,,,,,,,,,,,,,,,,,,,,,,,,,,,,,,32381,2283,845,737,108,684,0,42,532,0,180
"42003080200","14000US42003080200","Census Tract 802","Census Tract 802, Allegheny County, Pennsylvania","pa","140","00","ACSSF","0006132",,,,,"42","003",,,,"080200",,,,,,,,,,,,,,,,,,,,,,,,,,,,,,,,,,,,,39375,1027,482,463,19,231,8,27,191,35,53
"42003080400","14000US42003080400","Census Tract 804","Census Tract 804, Allegheny County, Pennsylvania","pa","140","00","ACSSF","0006133",,,,,"42","003",,,,"080400",,,,,,,,,,,,,,,,,,,,,,,,,,,,,,,,,,,,,31736,1027,423,346,77,262,7,28,227,6,74
"42003080600","14000US42003080600","Census Tract 806","Census Tract 806, Allegheny County, Pennsylvania","pa","140","00","ACSSF","0006134",,,,,"42","003",,,,"080600",,,,,,,,,,,,,,,,,,,,,,,,,,,,,,,,,,,,,57780,1378,745,639,106,308,0,111,188,0,26
"42003080700","14000US42003080700","Census Tract 807","Census Tract 807, Allegheny County, Pennsylvania","pa","140","00","ACSSF","0006135",,,,,"42","003",,,,"080700",,,,,,,,,,,,,,,,,,,,,,,,,,,,,,,,,,,,,33854,1002,472,406,66,320,0,81,77,0,52
"42003080900","14000US42003080900","Census Tract 809","Census Tract 809, Allegheny County, Pennsylvania","pa","140","00","ACSSF","0006136",,,,,"42","003",,,,"080900",,,,,,,,,,,,,,,,,,,,,,,,,,,,,,,,,,,,,60881,1313,672,601,71,273,5,84,181,5,93
"42003090100","14000US42003090100","Census Tract 901","Census Tract 901, Allegheny County, Pennsylvania","pa","140","00","ACSSF","0006137",,,,,"42","003",,,,"090100",,,,,,,,,,,,,,,,,,,,,,,,,,,,,,,,,,,,,69839,1298,830,761,69,213,0,101,73,0,81
"42003090200","14000US42003090200","Census Tract 902","Census Tract 902, Allegheny County, Pennsylvania","pa","140","00","ACSSF","0006138",,,,,"42","003",,,,"090200",,,,,,,,,,,,,,,,,,,,,,,,,,,,,,,,,,,,,58438,1595,860,785,75,295,0,65,266,0,109
"42003090300","14000US42003090300","Census Tract 903","Census Tract 903, Allegheny County, Pennsylvania","pa","140","00","ACSSF","0006139",,,,,"42","003",,,,"090300",,,,,,,,,,,,,,,,,,,,,,,,,,,,,,,,,,,,,45242,1050,568,526,42,164,3,46,215,4,50
"42003100500","14000US42003100500","Census Tract 1005","Census Tract 1005, Allegheny County, Pennsylvania","pa","140","00","ACSSF","0006140",,,,,"42","003",,,,"100500",,,,,,,,,,,,,,,,,,,,,,,,,,,,,,,,,,,,,49535,1006,753,660,93,173,0,17,31,0,32
"42003101100","14000US42003101100","Census Tract 1011","Census Tract 1011, Allegheny County, Pennsylvania","pa","140","00","ACSSF","0006141",,,,,"42","003",,,,"101100",,,,,,,,,,,,,,,,,,,,,,,,,,,,,,,,,,,,,53368,1735,1324,1208,116,231,0,16,94,0,70
"42003101400","14000US42003101400","Census Tract 1014","Census Tract 1014, Allegheny County, Pennsylvania","pa","140","00","ACSSF","0006142",,,,,"42","003",,,,"101400",,,,,,,,,,,,,,,,,,,,,,,,,,,,,,,,,,,,,52936,1620,1268,1138,130,270,0,22,26,13,21
"42003101600","14000US42003101600","Census Tract 1016","Census Tract 1016, Allegheny County, Pennsylvania","pa","140","00","ACSSF","0006143",,,,,"42","003",,,,"101600",,,,,,,,,,,,,,,,,,,,,,,,,,,,,,,,,,,,,29514,325,177,141,36,112,0,13,14,9,0
"42003101700","14000US42003101700","Census Tract 1017","Census Tract 1017, Allegheny County, Pennsylvania","pa","140","00","ACSSF","0006144",,,,,"42","003",,,,"101700",,,,,,,,,,,,,,,,,,,,,,,,,,,,,,,,,,,,,39716,806,493,425,68,154,0,83,60,0,16
"42003101800","14000US42003101800","Census Tract 1018","Census Tract 1018, Allegheny County, Pennsylvania","pa","140","00","ACSSF","0006145",,,,,"42","003",,,,"101800",,,,,,,,,,,,,,,,,,,,,,,,,,,,,,,,,,,,,65036,1374,1065,944,121,169,0,24,39,0,77
"42003110200","14000US42003110200","Census Tract 1102","Census Tract 1102, Allegheny County, Pennsylvania","pa","140","00","ACSSF","0006146",,,,,"42","003",,,,"110200",,,,,,,,,,,,,,,,,,,,,,,,,,,,,,,,,,,,,66802,2240,1592,1366,226,433,0,79,48,0,88
"42003110600","14000US42003110600","Census Tract 1106","Census Tract 1106, Allegheny County, Pennsylvania","pa","140","00","ACSSF","0006147",,,,,"42","003",,,,"110600",,,,,,,,,,,,,,,,,,,,,,,,,,,,,,,,,,,,,69432,1347,925,870,55,181,0,97,35,12,97
"42003111300","14000US42003111300","Census Tract 1113","Census Tract 1113, Allegheny County, Pennsylvania","pa","140","00","ACSSF","0006148",,,,,"42","003",,,,"111300",,,,,,,,,,,,,,,,,,,,,,,,,,,,,,,,,,,,,36563,1714,1048,893,155,356,0,102,126,8,74
"42003111400","14000US42003111400","Census Tract 1114","Census Tract 1114, Allegheny County, Pennsylvania","pa","140","00","ACSSF","0006149",,,,,"42","003",,,,"111400",,,,,,,,,,,,,,,,,,,,,,,,,,,,,,,,,,,,,40298,654,316,269,47,173,0,5,103,6,51
"42003111500","14000US42003111500","Census Tract 1115","Census Tract 1115, Allegheny County, Pennsylvania","pa","140","00","ACSSF","0006150",,,,,"42","003",,,,"111500",,,,,,,,,,,,,,,,,,,,,,,,,,,,,,,,,,,,,26875,1472,674,539,135,612,0,33,150,0,3
"42003120300","14000US42003120300","Census Tract 1203","Census Tract 1203, Allegheny County, Pennsylvania","pa","140","00","ACSSF","0006151",,,,,"42","003",,,,"120300",,,,,,,,,,,,,,,,,,,,,,,,,,,,,,,,,,,,,36071,1017,364,256,108,481,0,0,6,0,166
"42003120400","14000US42003120400","Census Tract 1204","Census Tract 1204, Allegheny County, Pennsylvania","pa","140","00","ACSSF","0006152",,,,,"42","003",,,,"120400",,,,,,,,,,,,,,,,,,,,,,,,,,,,,,,,,,,,,20685,242,118,66,52,112,0,0,12,0,0
"42003120700","14000US42003120700","Census Tract 1207","Census Tract 1207, Allegheny County, Pennsylvania","pa","140","00","ACSSF","0006153",,,,,"42","003",,,,"120700",,,,,,,,,,,,,,,,,,,,,,,,,,,,,,,,,,,,,23718,231,160,119,41,52,0,1,17,0,1
"42003120800","14000US42003120800","Census Tract 1208","Census Tract 1208, Allegheny County, Pennsylvania","pa","140","00","ACSSF","0006154",,,,,"42","003",,,,"120800",,,,,,,,,,,,,,,,,,,,,,,,,,,,,,,,,,,,,19565,158,103,92,11,39,0,0,8,8,0
"42003130100","14000US42003130100","Census Tract 1301","Census Tract 1301, Allegheny County, Pennsylvania","pa","140","00","ACSSF","0006155",,,,,"42","003",,,,"130100",,,,,,,,,,,,,,,,,,,,,,,,,,,,,,,,,,,,,14557,402,180,134,46,170,0,0,26,26,0
"42003130200","14000US42003130200","Census Tract 1302","Census Tract 1302, Allegheny County, Pennsylvania","pa","140","00","ACSSF","0006156",,,,,"42","003",,,,"130200",,,,,,,,,,,,,,,,,,,,,,,,,,,,,,,,,,,,,28542,385,170,170,0,184,0,0,31,0,0
"42003130300","14000US42003130300","Census Tract 1303","Census Tract 1303, Allegheny County, Pennsylvania","pa","140","00","ACSSF","0006157",,,,,"42","003",,,,"130300",,,,,,,,,,,,,,,,,,,,,,,,,,,,,,,,,,,,,15185,311,95,95,0,184,0,0,7,0,25
"42003130400","14000US42003130400","Census Tract 1304","Census Tract 1304, Allegheny County, Pennsylvania","pa","140","00","ACSSF","0006158",,,,,"42","003",,,,"130400",,,,,,,,,,,,,,,,,,,,,,,,,,,,,,,,,,,,,20781,333,185,160,25,100,0,0,48,0,0
"42003130600","14000US42003130600","Census Tract 1306","Census Tract 1306, Allegheny County, Pennsylvania","pa","140","00","ACSSF","0006159",,,,,"42","003",,,,"130600",,,,,,,,,,,,,,,,,,,,,,,,,,,,,,,,,,,,,16769,933,532,442,90,196,0,0,32,0,173
"42003140100","14000US42003140100","Census Tract 1401","Census Tract 1401, Allegheny County, Pennsylvania","pa","140","00","ACSSF","0006160",,,,,"42","003",,,,"140100",,,,,,,,,,,,,,,,,,,,,,,,,,,,,,,,,,,,,126141,2014,872,737,135,160,0,22,673,10,277
"42003140200","14000US42003140200","Census Tract 1402","Census Tract 1402, Allegheny County, Pennsylvania","pa","140","00","ACSSF","0006161",,,,,"42","003",,,,"140200",,,,,,,,,,,,,,,,,,,,,,,,,,,,,,,,,,,,,70938,1250,616,568,48,196,0,24,259,0,155
"42003140300","14000US42003140300","Census Tract 1403","Census Tract 1403, Allegheny County, Pennsylvania","pa","140","00","ACSSF","0006162",,,,,"42","003",,,,"140300",,,,,,,,,,,,,,,,,,,,,,,,,,,,,,,,,,,,,117763,1950,1258,1106,152,349,0,35,115,9,184
"42003140400","14000US42003140400","Census Tract 1404","Census Tract 1404, Allegheny County, Pennsylvania","pa","140","00","ACSSF","0006163",,,,,"42","003",,,,"140400",,,,,,,,,,,,,,,,,,,,,,,,,,,,,,,,,,,,,145769,1311,927,789,138,101,0,123,74,7,79
"42003140500","14000US42003140500","Census Tract 1405","Census Tract 1405, Allegheny County, Pennsylvania","pa","140","00","ACSSF","0006164",,,,,"42","003",,,,"140500",,,,,,,,,,,,,,,,,,,,,,,,,,,,,,,,,,,,,67083,1159,718,666,52,252,0,17,33,68,71
"42003140600","14000US42003140600","Census Tract 1406","Census Tract 1406, Allegheny County, Pennsylvania","pa","140","00","ACSSF","0006165",,,,,"42","003",,,,"140600",,,,,,,,,,,,,,,,,,,,,,,,,,,,,,,,,,,,,94048,1968,1256,1146,110,307,0,105,121,17,162
"42003140800","14000US42003140800","Census Tract 1408","Census Tract 1408, Allegheny County, Pennsylvania","pa","140","00","ACSSF","0006166",,,,,"42","003",,,,"140800",,,,,,,,,,,,,,,,,,,,,,,,,,,,,,,,,,,,,78362,2337,1376,1173,203,466,0,58,243,11,183
"42003141000","14000US42003141000","Census Tract 1410","Census Tract 1410, Allegheny County, Pennsylvania","pa","140","00","ACSSF","0006167",,,,,"42","003",,,,"141000",,,,,,,,,,,,,,,,,,,,,,,,,,,,,,,,,,,,,91667,504,369,341,28,85,0,19,0,0,31
"42003141100","14000US42003141100","Census Tract 1411","Census Tract 1411, Allegheny County, Pennsylvania","pa","140","00","ACSSF","0006168",,,,,"42","003",,,,"141100",,,,,,,,,,,,,,,,,,,,,,,,,,,,,,,,,,,,,65652,705,528,461,67,114,0,0,5,0,58
"42003141300","14000US42003141300","Census Tract 1413","Census Tract 1413, Allegheny County, Pennsylvania","pa","140","00","ACSSF","0006169",,,,,"42","003",,,,"141300",,,,,,,,,,,,,,,,,,,,,,,,,,,,,,,,,,,,,41429,2680,1354,974,380,839,0,61,265,12,149
"42003141400","14000US42003141400","Census Tract 1414","Census Tract 1414, Allegheny County, Pennsylvania","pa","140","00","ACSSF","0006170",,,,,"42","003",,,,"141400",,,,,,,,,,,,,,,,,,,,,,,,,,,,,,,,,,,,,75526,2741,1895,1842,53,535,0,30,80,0,201
"42003151600","14000US42003151600","Census Tract 1516","Census Tract 1516, Allegheny County, Pennsylvania","pa","140","00","ACSSF","0006171",,,,,"42","003",,,,"151600",,,,,,,,,,,,,,,,,,,,,,,,,,,,,,,,,,,,,65924,1528,1082,883,199,272,0,46,66,11,51
"42003151700","14000US42003151700","Census Tract 1517","Census Tract 1517, Allegheny County, Pennsylvania","pa","140","00","ACSSF","0006172",,,,,"42","003",,,,"151700",,,,,,,,,,,,,,,,,,,,,,,,,,,,,,,,,,,,,68750,3247,2286,1997,289,561,0,20,171,0,209
"42003160800","14000US42003160800","Census Tract 1608","Census Tract 1608, Allegheny County, Pennsylvania","pa","140","00","ACSSF","0006173",,,,,"42","003",,,,"160800",,,,,,,,,,,,,,,,,,,,,,,,,,,,,,,,,,,,,47986,1672,1215,1099,116,264,0,8,89,0,96
"42003160900","14000US42003160900","Census Tract 1609","Census Tract 1609, Allegheny County, Pennsylvania","pa","140","00","ACSSF","0006174",,,,,"42","003",,,,"160900",,,,,,,,,,,,,,,,,,,,,,,,,,,,,,,,,,,,,54290,1855,1298,1161,137,133,0,52,224,5,143
"42003170200","14000US42003170200","Census Tract 1702","Census Tract 1702, Allegheny County, Pennsylvania","pa","140","00","ACSSF","0006175",,,,,"42","003",,,,"170200",,,,,,,,,,,,,,,,,,,,,,,,,,,,,,,,,,,,,46834,2366,1332,1263,69,396,0,130,363,73,72
"42003170600","14000US42003170600","Census Tract 1706","Census Tract 1706, Allegheny County, Pennsylvania","pa","140","00","ACSSF","0006176",,,,,"42","003",,,,"170600",,,,,,,,,,,,,,,,,,,,,,,,,,,,,,,,,,,,,51351,1126,875,792,83,147,12,4,28,6,54
"42003180300","14000US42003180300","Census Tract 1803","Census Tract 1803, Allegheny County, Pennsylvania","pa","140","00","ACSSF","0006177",,,,,"42","003",,,,"180300",,,,,,,,,,,,,,,,,,,,,,,,,,,,,,,,,,,,,31551,941,628,516,112,237,0,0,25,0,51
"42003180700","14000US42003180700","Census Tract 1807","Census Tract 1807, Allegheny County, Pennsylvania","pa","140","00","ACSSF","0006178",,,,,"42","003",,,,"180700",,,,,,,,,,,,,,,,,,,,,,,,,,,,,,,,,,,,,47333,1271,1008,908,100,181,0,0,54,0,28
"42003190300","14000US42003190300","Census Tract 1903","Census Tract 1903, Allegheny County, Pennsylvania","pa","140","00","ACSSF","0006179",,,,,"42","003",,,,"190300",,,,,,,,,,,,,,,,,,,,,,,,,,,,,,,,,,,,,69922,1264,789,743,46,293,0,0,85,9,88
"42003191100","14000US42003191100","Census Tract 1911","Census Tract 1911, Allegheny County, Pennsylvania","pa","140","00","ACSSF","0006180",,,,,"42","003",,,,"191100",,,,,,,,,,,,,,,,,,,,,,,,,,,,,,,,,,,,,62606,1485,1256,1119,137,112,0,7,41,33,36
"42003191400","14000US42003191400","Census Tract 1914","Census Tract 1914, Allegheny County, Pennsylvania","pa","140","00","ACSSF","0006181",,,,,"42","003",,,,"191400",,,,,,,,,,,,,,,,,,,,,,,,,,,,,,,,,,,,,54191,1726,1117,1015,102,365,0,9,134,0,101
"42003191500","14000US42003191500","Census Tract 1915","Census Tract 1915, Allegheny County, Pennsylvania","pa","140","00","ACSSF","0006182",,,,,"42","003",,,,"191500",,,,,,,,,,,,,,,,,,,,,,,,,,,,,,,,,,,,,38488,915,642,564,78,207,0,0,39,0,27
"42003191600","14000US42003191600","Census Tract 1916","Census Tract 1916, Allegheny County, Pennsylvania","pa","140","00","ACSSF","0006183",,,,,"42","003",,,,"191600",,,,,,,,,,,,,,,,,,,,,,,,,,,,,,,,,,,,,53083,2363,1841,1704,137,444,0,0,34,0,44
"42003191700","14000US42003191700","Census Tract 1917","Census Tract 1917, Allegheny County, Pennsylvania","pa","140","00","ACSSF","0006184",,,,,"42","003",,,,"191700",,,,,,,,,,,,,,,,,,,,,,,,,,,,,,,,,,,,,64458,1910,1566,1367,199,255,10,9,22,17,31
"42003191800","14000US42003191800","Census Tract 1918","Census Tract 1918, Allegheny County, Pennsylvania","pa","140","00","ACSSF","0006185",,,,,"42","003",,,,"191800",,,,,,,,,,,,,,,,,,,,,,,,,,,,,,,,,,,,,55147,2598,2076,1751,325,259,0,31,36,38,158
"42003191900","14000US42003191900","Census Tract 1919","Census Tract 1919, Allegheny County, Pennsylvania","pa","140","00","ACSSF","0006186",,,,,"42","003",,,,"191900",,,,,,,,,,,,,,,,,,,,,,,,,,,,,,,,,,,,,51875,1226,950,871,79,199,0,12,27,0,38
"42003192000","14000US42003192000","Census Tract 1920","Census Tract 1920, Allegheny County, Pennsylvania","pa","140","00","ACSSF","0006187",,,,,"42","003",,,,"192000",,,,,,,,,,,,,,,,,,,,,,,,,,,,,,,,,,,,,52604,1945,1522,1377,145,337,0,0,26,20,40
"42003202200","14000US42003202200","Census Tract 2022","Census Tract 2022, Allegheny County, Pennsylvania","pa","140","00","ACSSF","0006188",,,,,"42","003",,,,"202200",,,,,,,,,,,,,,,,,,,,,,,,,,,,,,,,,,,,,44315,1239,903,694,209,264,0,21,35,0,16
"42003202300","14000US42003202300","Census Tract 2023","Census Tract 2023, Allegheny County, Pennsylvania","pa","140","00","ACSSF","0006189",,,,,"42","003",,,,"202300",,,,,,,,,,,,,,,,,,,,,,,,,,,,,,,,,,,,,58393,2361,2054,1839,215,122,0,0,86,30,69
"42003210700","14000US42003210700","Census Tract 2107","Census Tract 2107, Allegheny County, Pennsylvania","pa","140","00","ACSSF","0006190",,,,,"42","003",,,,"210700",,,,,,,,,,,,,,,,,,,,,,,,,,,,,,,,,,,,,45203,1027,548,496,52,199,0,25,134,26,95
"42003220600","14000US42003220600","Census Tract 2206","Census Tract 2206, Allegheny County, Pennsylvania","pa","140","00","ACSSF","0006191",,,,,"42","003",,,,"220600",,,,,,,,,,,,,,,,,,,,,,,,,,,,,,,,,,,,,50938,1066,598,525,73,108,0,37,242,0,81
"42003240600","14000US42003240600","Census Tract 2406","Census Tract 2406, Allegheny County, Pennsylvania","pa","140","00","ACSSF","0006192",,,,,"42","003",,,,"240600",,,,,,,,,,,,,,,,,,,,,,,,,,,,,,,,,,,,,46855,1323,834,734,100,160,0,17,240,0,72
"42003241200","14000US42003241200","Census Tract 2412","Census Tract 2412, Allegheny County, Pennsylvania","pa","140","00","ACSSF","0006193",,,,,"42","003",,,,"241200",,,,,,,,,,,,,,,,,,,,,,,,,,,,,,,,,,,,,33315,381,227,185,42,82,0,24,36,0,12
"42003250300","14000US42003250300","Census Tract 2503","Census Tract 2503, Allegheny County, Pennsylvania","pa","140","00","ACSSF","0006194",,,,,"42","003",,,,"250300",,,,,,,,,,,,,,,,,,,,,,,,,,,,,,,,,,,,,47381,612,365,331,34,64,0,26,115,0,42
"42003250700","14000US42003250700","Census Tract 2507","Census Tract 2507, Allegheny County, Pennsylvania","pa","140","00","ACSSF","0006195",,,,,"42","003",,,,"250700",,,,,,,,,,,,,,,,,,,,,,,,,,,,,,,,,,,,,22109,247,128,89,39,76,0,5,27,0,11
"42003250900","14000US42003250900","Census Tract 2509","Census Tract 2509, Allegheny County, Pennsylvania","pa","140","00","ACSSF","0006196",,,,,"42","003",,,,"250900",,,,,,,,,,,,,,,,,,,,,,,,,,,,,,,,,,,,,26196,477,225,175,50,193,0,7,45,0,7
"42003260200","14000US42003260200","Census Tract 2602","Census Tract 2602, Allegheny County, Pennsylvania","pa","140","00","ACSSF","0006197",,,,,"42","003",,,,"260200",,,,,,,,,,,,,,,,,,,,,,,,,,,,,,,,,,,,,47530,1064,821,699,122,176,0,0,20,5,42
"42003260700","14000US42003260700","Census Tract 2607","Census Tract 2607, Allegheny County, Pennsylvania","pa","140","00","ACSSF","0006198",,,,,"42","003",,,,"260700",,,,,,,,,,,,,,,,,,,,,,,,,,,,,,,,,,,,,56111,838,535,446,89,122,0,0,12,74,95
"42003260900","14000US42003260900","Census Tract 2609","Census Tract 2609, Allegheny County, Pennsylvania","pa","140","00","ACSSF","0006199",,,,,"42","003",,,,"260900",,,,,,,,,,,,,,,,,,,,,,,,,,,,,,,,,,,,,15500,438,181,148,33,248,0,0,9,0,0
"42003261200","14000US42003261200","Census Tract 2612","Census Tract 2612, Allegheny County, Pennsylvania","pa","140","00","ACSSF","0006200",,,,,"42","003",,,,"261200",,,,,,,,,,,,,,,,,,,,,,,,,,,,,,,,,,,,,71429,609,532,470,62,31,14,0,4,0,28
"42003261400","14000US42003261400","Census Tract 2614","Census Tract 2614, Allegheny County, Pennsylvania","pa","140","00","ACSSF","0006201",,,,,"42","003",,,,"261400",,,,,,,,,,,,,,,,,,,,,,,,,,,,,,,,,,,,,34696,945,732,594,138,172,0,21,0,0,20
"42003261500","14000US42003261500","Census Tract 2615","Census Tract 2615, Allegheny County, Pennsylvania","pa","140","00","ACSSF","0006202",,,,,"42","003",,,,"261500",,,,,,,,,,,,,,,,,,,,,,,,,,,,,,,,,,,,,38092,743,552,440,112,170,0,0,0,0,21
"42003262000","14000US42003262000","Census Tract 2620","Census Tract 2620, Allegheny County, Pennsylvania","pa","140","00","ACSSF","0006203",,,,,"42","003",,,,"262000",,,,,,,,,,,,,,,,,,,,,,,,,,,,,,,,,,,,,34306,1108,924,848,76,97,0,42,28,0,17
"42003270100","14000US42003270100","Census Tract 2701","Census Tract 2701, Allegheny County, Pennsylvania","pa","140","00","ACSSF","0006204",,,,,"42","003",,,,"270100",,,,,,,,,,,,,,,,,,,,,,,,,,,,,,,,,,,,,65380,1346,1088,963,125,188,0,0,10,0,60
"42003270300","14000US42003270300","Census Tract 2703","Census Tract 2703, Allegheny County, Pennsylvania","pa","140","00","ACSSF","0006205",,,,,"42","003",,,,"270300",,,,,,,,,,,,,,,,,,,,,,,,,,,,,,,,,,,,,40991,867,580,470,110,152,0,0,25,52,58
"42003270400","14000US42003270400","Census Tract 2704","Census Tract 2704, Allegheny County, Pennsylvania","pa","140","00","ACSSF","0006206",,,,,"42","003",,,,"270400",,,,,,,,,,,,,,,,,,,,,,,,,,,,,,,,,,,,,50500,556,466,440,26,68,0,7,3,5,7
"42003270800","14000US42003270800","Census Tract 2708","Census Tract 2708, Allegheny County, Pennsylvania","pa","140","00","ACSSF","0006207",,,,,"42","003",,,,"270800",,,,,,,,,,,,,,,,,,,,,,,,,,,,,,,,,,,,,51524,1164,933,797,136,108,12,32,11,12,56
"42003271500","14000US42003271500","Census Tract 2715","Census Tract 2715, Allegheny County, Pennsylvania","pa","140","00","ACSSF","0006208",,,,,"42","003",,,,"271500",,,,,,,,,,,,,,,,,,,,,,,,,,,,,,,,,,,,,45729,1181,838,755,83,236,0,2,64,0,41
"42003281400","14000US42003281400","Census Tract 2814","Census Tract 2814, Allegheny County, Pennsylvania","pa","140","00","ACSSF","0006209",,,,,"42","003",,,,"281400",,,,,,,,,,,,,,,,,,,,,,,,,,,,,,,,,,,,,35000,1127,798,668,130,250,4,3,52,14,6
"42003281500","14000US42003281500","Census Tract 2815","Census Tract 2815, Allegheny County, Pennsylvania","pa","140","00","ACSSF","0006210",,,,,"42","003",,,,"281500",,,,,,,,,,,,,,,,,,,,,,,,,,,,,,,,,,,,,49750,849,750,699,51,76,0,0,0,7,16
"42003290100","14000US42003290100","Census Tract 2901","Census Tract 2901, Allegheny County, Pennsylvania","pa","140","00","ACSSF","0006211",,,,,"42","003",,,,"290100",,,,,,,,,,,,,,,,,,,,,,,,,,,,,,,,,,,,,42583,979,782,637,145,158,0,0,11,0,28
"42003290200","14000US42003290200","Census Tract 2902","Census Tract 2902, Allegheny County, Pennsylvania","pa","140","00","ACSSF","0006212",,,,,"42","003",,,,"290200",,,,,,,,,,,,,,,,,,,,,,,,,,,,,,,,,,,,,39401,2051,1528,1302,226,348,0,0,9,28,138
"42003290400","14000US42003290400","Census Tract 2904","Census Tract 2904, Allegheny County, Pennsylvania","pa","140","00","ACSSF","0006213",,,,,"42","003",,,,"290400",,,,,,,,,,,,,,,,,,,,,,,,,,,,,,,,,,,,,39470,1732,1446,1259,187,208,0,29,8,0,41
"42003300100","14000US42003300100","Census Tract 3001","Census Tract 3001, Allegheny County, Pennsylvania","pa","140","00","ACSSF","0006214",,,,,"42","003",,,,"300100",,,,,,,,,,,,,,,,,,,,,,,,,,,,,,,,,,,,,36220,1214,694,617,77,407,0,0,113,0,0
"42003310200","14000US42003310200","Census Tract 3102","Census Tract 3102, Allegheny County, Pennsylvania","pa","140","00","ACSSF","0006215",,,,,"42","003",,,,"310200",,,,,,,,,,,,,,,,,,,,,,,,,,,,,,,,,,,,,57500,1416,1275,1115,160,97,11,0,11,0,22
"42003310300","14000US42003310300","Census Tract 3103","Census Tract 3103, Allegheny County, Pennsylvania","pa","140","00","ACSSF","0006216",,,,,"42","003",,,,"310300",,,,,,,,,,,,,,,,,,,,,,,,,,,,,,,,,,,,,72721,456,424,395,29,0,6,0,0,15,11
"42003320400","14000US42003320400","Census Tract 3204","Census Tract 3204, Allegheny County, Pennsylvania","pa","140","00","ACSSF","0006217",,,,,"42","003",,,,"320400",,,,,,,,,,,,,,,,,,,,,,,,,,,,,,,,,,,,,48200,930,817,617,200,113,0,0,0,0,0
"42003320600","14000US42003320600","Census Tract 3206","Census Tract 3206, Allegheny County, Pennsylvania","pa","140","00","ACSSF","0006218",,,,,"42","003",,,,"320600",,,,,,,,,,,,,,,,,,,,,,,,,,,,,,,,,,,,,57097,1177,1041,945,96,81,18,0,9,5,23
"42003320700","14000US42003320700","Census Tract 3207","Census Tract 3207, Allegheny County, Pennsylvania","pa","140","00","ACSSF","0006219",,,,,"42","003",,,,"320700",,,,,,,,,,,,,,,,,,,,,,,,,,,,,,,,,,,,,55800,804,705,587,118,79,0,0,6,0,14
"42003401100","14000US42003401100","Census Tract 4011","Census Tract 4011, Allegheny County, Pennsylvania","pa","140","00","ACSSF","0006220",,,,,"42","003",,,,"401100",,,,,,,,,,,,,,,,,,,,,,,,,,,,,,,,,,,,,56930,2287,2076,1913,163,15,0,0,98,21,77
"42003401200","14000US42003401200","Census Tract 4012","Census Tract 4012, Allegheny County, Pennsylvania","pa","140","00","ACSSF","0006221",,,,,"42","003",,,,"401200",,,,,,,,,,,,,,,,,,,,,,,,,,,,,,,,,,,,,33750,1180,1063,912,151,0,0,19,80,0,18
"42003401300","14000US42003401300","Census Tract 4013","Census Tract 4013, Allegheny County, Pennsylvania","pa","140","00","ACSSF","0006222",,,,,"42","003",,,,"401300",,,,,,,,,,,,,,,,,,,,,,,,,,,,,,,,,,,,,66569,1471,1380,1225,155,9,0,0,41,0,41
"42003402000","14000US42003402000","Census Tract 4020","Census Tract 4020, Allegheny County, Pennsylvania","pa","140","00","ACSSF","0006223",,,,,"42","003",,,,"402000",,,,,,,,,,,,,,,,,,,,,,,,,,,,,,,,,,,,,41858,1446,1274,1131,143,53,0,0,15,41,63
"42003403500","14000US42003403500","Census Tract 4035","Census Tract 4035, Allegheny County, Pennsylvania","pa","140","00","ACSSF","0006224",,,,,"42","003",,,,"403500",,,,,,,,,,,,,,,,,,,,,,,,,,,,,,,,,,,,,31604,1926,1715,1494,221,113,0,0,59,0,39
"42003404000","14000US42003404000","Census Tract 4040","Census Tract 4040, Allegheny County, Pennsylvania","pa","140","00","ACSSF","0006225",,,,,"42","003",,,,"404000",,,,,,,,,,,,,,,,,,,,,,,,,,,,,,,,,,,,,52386,746,669,627,42,46,3,0,16,6,6
"42003405000","14000US42003405000","Census Tract 4050","Census Tract 4050, Allegheny County, Pennsylvania","pa","140","00","ACSSF","0006226",,,,,"42","003",,,,"405000",,,,,,,,,,,,,,,,,,,,,,,,,,,,,,,,,,,,,60139,567,554,486,68,4,0,0,3,0,6
"42003406000","14000US42003406000","Census Tract 4060","Census Tract 4060, Allegheny County, Pennsylvania","pa","140","00","ACSSF","0006227",,,,,"42","003",,,,"406000",,,,,,,,,,,,,,,,,,,,,,,,,,,,,,,,,,,,,63397,1169,1082,1014,68,43,4,0,6,5,29
"42003407001","14000US42003407001","Census Tract 4070.01","Census Tract 4070.01, Allegheny County, Pennsylvania","pa","140","00","ACSSF","0006228",,,,,"42","003",,,,"407001",,,,,,,,,,,,,,,,,,,,,,,,,,,,,,,,,,,,,57180,2574,2392,2260,132,19,0,0,14,0,149
"42003407002","14000US42003407002","Census Tract 4070.02","Census Tract 4070.02, Allegheny County, Pennsylvania","pa","140","00","ACSSF","0006229",,,,,"42","003",,,,"407002",,,,,,,,,,,,,,,,,,,,,,,,,,,,,,,,,,,,,73265,3402,3170,2923,247,14,0,0,0,15,203
"42003408001","14000US42003408001","Census Tract 4080.01","Census Tract 4080.01, Allegheny County, Pennsylvania","pa","140","00","ACSSF","0006230",,,,,"42","003",,,,"408001",,,,,,,,,,,,,,,,,,,,,,,,,,,,,,,,,,,,,81742,2480,2177,1983,194,56,13,13,0,0,221
"42003408002","14000US42003408002","Census Tract 4080.02","Census Tract 4080.02, Allegheny County, Pennsylvania","pa","140","00","ACSSF","0006231",,,,,"42","003",,,,"408002",,,,,,,,,,,,,,,,,,,,,,,,,,,,,,,,,,,,,119500,3204,3086,2866,220,8,0,0,0,19,91
"42003409000","14000US42003409000","Census Tract 4090","Census Tract 4090, Allegheny County, Pennsylvania","pa","140","00","ACSSF","0006232",,,,,"42","003",,,,"409000",,,,,,,,,,,,,,,,,,,,,,,,,,,,,,,,,,,,,152461,6336,5602,5106,496,162,19,0,77,89,387
"42003410000","14000US42003410000","Census Tract 4100","Census Tract 4100, Allegheny County, Pennsylvania","pa","140","00","ACSSF","0006233",,,,,"42","003",,,,"410000",,,,,,,,,,,,,,,,,,,,,,,,,,,,,,,,,,,,,112344,588,513,497,16,12,3,0,7,2,51
"42003411000","14000US42003411000","Census Tract 4110","Census Tract 4110, Allegheny County, Pennsylvania","pa","140","00","ACSSF","0006234",,,,,"42","003",,,,"411000",,,,,,,,,,,,,,,,,,,,,,,,,,,,,,,,,,,,,122958,4200,3499,3303,196,118,0,59,18,38,468
"42003412001","14000US42003412001","Census Tract 4120.01","Census Tract 4120.01, Allegheny County, Pennsylvania","pa","140","00","ACSSF","0006235",,,,,"42","003",,,,"412001",,,,,,,,,,,,,,,,,,,,,,,,,,,,,,,,,,,,,109369,4328,3816,3507,309,69,0,0,32,52,359
"42003412002","14000US42003412002","Census Tract 4120.02","Census Tract 4120.02, Allegheny County, Pennsylvania","pa","140","00","ACSSF","0006236",,,,,"42","003",,,,"412002",,,,,,,,,,,,,,,,,,,,,,,,,,,,,,,,,,,,,143450,2649,2409,2179,230,21,0,0,0,0,219
"42003413100","14000US42003413100","Census Tract 4131","Census Tract 4131, Allegheny County, Pennsylvania","pa","140","00","ACSSF","0006237",,,,,"42","003",,,,"413100",,,,,,,,,,,,,,,,,,,,,,,,,,,,,,,,,,,,,106594,3433,3065,2714,351,140,0,0,12,0,216
"42003413201","14000US42003413201","Census Tract 4132.01","Census Tract 4132.01, Allegheny County, Pennsylvania","pa","140","00","ACSSF","0006238",,,,,"42","003",,,,"413201",,,,,,,,,,,,,,,,,,,,,,,,,,,,,,,,,,,,,84737,1864,1716,1568,148,70,0,0,29,0,49
"42003413202","14000US42003413202","Census Tract 4132.02","Census Tract 4132.02, Allegheny County, Pennsylvania","pa","140","00","ACSSF","0006239",,,,,"42","003",,,,"413202",,,,,,,,,,,,,,,,,,,,,,,,,,,,,,,,,,,,,80781,1261,1143,1050,93,9,0,0,16,0,93
"42003413300","14000US42003413300","Census Tract 4133","Census Tract 4133, Allegheny County, Pennsylvania","pa","140","00","ACSSF","0006240",,,,,"42","003",,,,"413300",,,,,,,,,,,,,,,,,,,,,,,,,,,,,,,,,,,,,79895,2231,2081,1824,257,40,0,0,0,9,101
"42003413400","14000US42003413400","Census Tract 4134","Census Tract 4134, Allegheny County, Pennsylvania","pa","140","00","ACSSF","0006241",,,,,"42","003",,,,"413400",,,,,,,,,,,,,,,,,,,,,,,,,,,,,,,,,,,,,96103,2059,1812,1711,101,51,0,0,8,8,180
"42003413500","14000US42003413500","Census Tract 4135","Census Tract 4135, Allegheny County, Pennsylvania","pa","140","00","ACSSF","0006242",,,,,"42","003",,,,"413500",,,,,,,,,,,,,,,,,,,,,,,,,,,,,,,,,,,,,64504,3655,3305,3029,276,87,0,0,63,59,141
"42003414101","14000US42003414101","Census Tract 4141.01","Census Tract 4141.01, Allegheny County, Pennsylvania","pa","140","00","ACSSF","0006243",,,,,"42","003",,,,"414101",,,,,,,,,,,,,,,,,,,,,,,,,,,,,,,,,,,,,87759,2933,2680,2398,282,49,0,0,24,0,180
"42003414102","14000US42003414102","Census Tract 4141.02","Census Tract 4141.02, Allegheny County, Pennsylvania","pa","140","00","ACSSF","0006244",,,,,"42","003",,,,"414102",,,,,,,,,,,,,,,,,,,,,,,,,,,,,,,,,,,,,80150,3711,3422,3197,225,106,0,0,36,0,147
"42003414200","14000US42003414200","Census Tract 4142","Census Tract 4142, Allegheny County, Pennsylvania","pa","140","00","ACSSF","0006245",,,,,"42","003",,,,"414200",,,,,,,,,,,,,,,,,,,,,,,,,,,,,,,,,,,,,82240,2665,2302,2228,74,15,0,0,45,86,217
"42003415001","14000US42003415001","Census Tract 4150.01","Census Tract 4150.01, Allegheny County, Pennsylvania","pa","140","00","ACSSF","0006246",,,,,"42","003",,,,"415001",,,,,,,,,,,,,,,,,,,,,,,,,,,,,,,,,,,,,109231,2384,2200,2045,155,50,13,0,48,0,73
"42003415002","14000US42003415002","Census Tract 4150.02","Census Tract 4150.02, Allegheny County, Pennsylvania","pa","140","00","ACSSF","0006247",,,,,"42","003",,,,"415002",,,,,,,,,,,,,,,,,,,,,,,,,,,,,,,,,,,,,101538,1205,1120,1050,70,8,0,0,0,0,77
"42003416000","14000US42003416000","Census Tract 4160","Census Tract 4160, Allegheny County, Pennsylvania","pa","140","00","ACSSF","0006248",,,,,"42","003",,,,"416000",,,,,,,,,,,,,,,,,,,,,,,,,,,,,,,,,,,,,50391,757,714,663,51,5,0,0,14,0,24
"42003417100","14000US42003417100","Census Tract 4171","Census Tract 4171, Allegheny County, Pennsylvania","pa","140","00","ACSSF","0006249",,,,,"42","003",,,,"417100",,,,,,,,,,,,,,,,,,,,,,,,,,,,,,,,,,,,,60000,1062,940,856,84,49,0,0,4,6,63
"42003417200","14000US42003417200","Census Tract 4172","Census Tract 4172, Allegheny County, Pennsylvania","pa","140","00","ACSSF","0006250",,,,,"42","003",,,,"417200",,,,,,,,,,,,,,,,,,,,,,,,,,,,,,,,,,,,,40500,667,565,513,52,37,0,0,36,14,15
"42003418000","14000US42003418000","Census Tract 4180","Census Tract 4180, Allegheny County, Pennsylvania","pa","140","00","ACSSF","0006251",,,,,"42","003",,,,"418000",,,,,,,,,,,,,,,,,,,,,,,,,,,,,,,,,,,,,58980,847,729,635,94,57,0,0,23,0,38
"42003419000","14000US42003419000","Census Tract 4190","Census Tract 4190, Allegheny County, Pennsylvania","pa","140","00","ACSSF","0006252",,,,,"42","003",,,,"419000",,,,,,,,,,,,,,,,,,,,,,,,,,,,,,,,,,,,,59327,1428,1255,1089,166,42,13,0,51,0,67
"42003420000","14000US42003420000","Census Tract 4200","Census Tract 4200, Allegheny County, Pennsylvania","pa","140","00","ACSSF","0006253",,,,,"42","003",,,,"420000",,,,,,,,,,,,,,,,,,,,,,,,,,,,,,,,,,,,,41198,764,623,566,57,60,2,7,41,0,31
"42003421100","14000US42003421100","Census Tract 4211","Census Tract 4211, Allegheny County, Pennsylvania","pa","140","00","ACSSF","0006254",,,,,"42","003",,,,"421100",,,,,,,,,,,,,,,,,,,,,,,,,,,,,,,,,,,,,81771,2108,1820,1621,199,54,0,0,14,2,218
"42003421200","14000US42003421200","Census Tract 4212","Census Tract 4212, Allegheny County, Pennsylvania","pa","140","00","ACSSF","0006255",,,,,"42","003",,,,"421200",,,,,,,,,,,,,,,,,,,,,,,,,,,,,,,,,,,,,93816,2141,1876,1711,165,43,0,0,25,22,175
"42003422000","14000US42003422000","Census Tract 4220","Census Tract 4220, Allegheny County, Pennsylvania","pa","140","00","ACSSF","0006256",,,,,"42","003",,,,"422000",,,,,,,,,,,,,,,,,,,,,,,,,,,,,,,,,,,,,168073,2280,1987,1794,193,14,0,11,22,0,246
"42003423000","14000US42003423000","Census Tract 4230","Census Tract 4230, Allegheny County, Pennsylvania","pa","140","00","ACSSF","0006257",,,,,"42","003",,,,"423000",,,,,,,,,,,,,,,,,,,,,,,,,,,,,,,,,,,,,73818,1408,1127,1006,121,116,0,8,61,0,96
"42003424000","14000US42003424000","Census Tract 4240","Census Tract 4240, Allegheny County, Pennsylvania","pa","140","00","ACSSF","0006258",,,,,"42","003",,,,"424000",,,,,,,,,,,,,,,,,,,,,,,,,,,,,,,,,,,,,37182,1583,1279,1036,243,126,0,9,121,29,19
"42003425000","14000US42003425000","Census Tract 4250","Census Tract 4250, Allegheny County, Pennsylvania","pa","140","00","ACSSF","0006259",,,,,"42","003",,,,"425000",,,,,,,,,,,,,,,,,,,,,,,,,,,,,,,,,,,,,43194,1790,1531,1347,184,124,11,0,72,0,52
"42003426300","14000US42003426300","Census Tract 4263","Census Tract 4263, Allegheny County, Pennsylvania","pa","140","00","ACSSF","0006260",,,,,"42","003",,,,"426300",,,,,,,,,,,,,,,,,,,,,,,,,,,,,,,,,,,,,79606,3187,2761,2532,229,176,0,16,19,0,215
"42003426400","14000US42003426400","Census Tract 4264","Census Tract 4264, Allegheny County, Pennsylvania","pa","140","00","ACSSF","0006261",,,,,"42","003",,,,"426400",,,,,,,,,,,,,,,,,,,,,,,,,,,,,,,,,,,,,71857,2616,2409,2256,153,45,0,21,29,20,92
"42003426700","14000US42003426700","Census Tract 4267","Census Tract 4267, Allegheny County, Pennsylvania","pa","140","00","ACSSF","0006262",,,,,"42","003",,,,"426700",,,,,,,,,,,,,,,,,,,,,,,,,,,,,,,,,,,,,59244,1290,1212,1058,154,21,0,0,35,0,22
"42003426800","14000US42003426800","Census Tract 4268","Census Tract 4268, Allegheny County, Pennsylvania","pa","140","00","ACSSF","0006263",,,,,"42","003",,,,"426800",,,,,,,,,,,,,,,,,,,,,,,,,,,,,,,,,,,,,88167,2868,2752,2473,279,33,0,0,0,0,83
"42003427000","14000US42003427000","Census Tract 4270","Census Tract 4270, Allegheny County, Pennsylvania","pa","140","00","ACSSF","0006264",,,,,"42","003",,,,"427000",,,,,,,,,,,,,,,,,,,,,,,,,,,,,,,,,,,,,38554,2033,1577,1404,173,163,0,28,179,31,55
"42003427100","14000US42003427100","Census Tract 4271","Census Tract 4271, Allegheny County, Pennsylvania","pa","140","00","ACSSF","0006265",,,,,"42","003",,,,"427100",,,,,,,,,,,,,,,,,,,,,,,,,,,,,,,,,,,,,84432,2895,2655,2265,390,51,0,0,16,20,153
"42003427200","14000US42003427200","Census Tract 4272","Census Tract 4272, Allegheny County, Pennsylvania","pa","140","00","ACSSF","0006266",,,,,"42","003",,,,"427200",,,,,,,,,,,,,,,,,,,,,,,,,,,,,,,,,,,,,57215,2504,2235,1923,312,112,0,0,6,0,151
"42003428100","14000US42003428100","Census Tract 4281","Census Tract 4281, Allegheny County, Pennsylvania","pa","140","00","ACSSF","0006267",,,,,"42","003",,,,"428100",,,,,,,,,,,,,,,,,,,,,,,,,,,,,,,,,,,,,57647,718,639,518,121,57,0,0,7,6,9
"42003428200","14000US42003428200","Census Tract 4282","Census Tract 4282, Allegheny County, Pennsylvania","pa","140","00","ACSSF","0006268",,,,,"42","003",,,,"428200",,,,,,,,,,,,,,,,,,,,,,,,,,,,,,,,,,,,,67727,1210,1132,984,148,25,0,0,15,0,38
"42003429100","14000US42003429100","Census Tract 4291","Census Tract 4291, Allegheny County, Pennsylvania","pa","140","00","ACSSF","0006269",,,,,"42","003",,,,"429100",,,,,,,,,,,,,,,,,,,,,,,,,,,,,,,,,,,,,66287,1483,1282,1117,165,79,0,0,14,0,108
"42003429201","14000US42003429201","Census Tract 4292.01","Census Tract 4292.01, Allegheny County, Pennsylvania","pa","140","00","ACSSF","0006270",,,,,"42","003",,,,"429201",,,,,,,,,,,,,,,,,,,,,,,,,,,,,,,,,,,,,85406,2181,1861,1596,265,209,0,11,13,13,74
"42003429202","14000US42003429202","Census Tract 4292.02","Census Tract 4292.02, Allegheny County, Pennsylvania","pa","140","00","ACSSF","0006271",,,,,"42","003",,,,"429202",,,,,,,,,,,,,,,,,,,,,,,,,,,,,,,,,,,,,81667,2400,2159,2043,116,53,0,0,0,0,188
"42003429300","14000US42003429300","Census Tract 4293","Census Tract 4293, Allegheny County, Pennsylvania","pa","140","00","ACSSF","0006272",,,,,"42","003",,,,"429300",,,,,,,,,,,,,,,,,,,,,,,,,,,,,,,,,,,,,75052,2804,2381,2055,326,46,0,0,37,51,289
"42003429400","14000US42003429400","Census Tract 4294","Census Tract 4294, Allegheny County, Pennsylvania","pa","140","00","ACSSF","0006273",,,,,"42","003",,,,"429400",,,,,,,,,,,,,,,,,,,,,,,,,,,,,,,,,,,,,75417,2256,1991,1719,272,78,0,0,67,0,120
"42003429500","14000US42003429500","Census Tract 4295","Census Tract 4295, Allegheny County, Pennsylvania","pa","140","00","ACSSF","0006274",,,,,"42","003",,,,"429500",,,,,,,,,,,,,,,,,,,,,,,,,,,,,,,,,,,,,58026,2132,1742,1525,217,211,0,0,1,14,164
"42003429600","14000US42003429600","Census Tract 4296","Census Tract 4296, Allegheny County, Pennsylvania","pa","140","00","ACSSF","0006275",,,,,"42","003",,,,"429600",,,,,,,,,,,,,,,,,,,,,,,,,,,,,,,,,,,,,62440,1821,1577,1277,300,133,0,14,0,0,97
"42003429700","14000US42003429700","Census Tract 4297","Census Tract 4297, Allegheny County, Pennsylvania","pa","140","00","ACSSF","0006276",,,,,"42","003",,,,"429700",,,,,,,,,,,,,,,,,,,,,,,,,,,,,,,,,,,,,67197,1292,1077,864,213,100,0,0,15,1,99
"42003430100","14000US42003430100","Census Tract 4301","Census Tract 4301, Allegheny County, Pennsylvania","pa","140","00","ACSSF","0006277",,,,,"42","003",,,,"430100",,,,,,,,,,,,,,,,,,,,,,,,,,,,,,,,,,,,,58906,1284,1132,1007,125,130,0,0,7,0,15
"42003430200","14000US42003430200","Census Tract 4302","Census Tract 4302, Allegheny County, Pennsylvania","pa","140","00","ACSSF","0006278",,,,,"42","003",,,,"430200",,,,,,,,,,,,,,,,,,,,,,,,,,,,,,,,,,,,,52955,2367,2105,1840,265,68,13,0,73,83,25
"42003431100","14000US42003431100","Census Tract 4311","Census Tract 4311, Allegheny County, Pennsylvania","pa","140","00","ACSSF","0006279",,,,,"42","003",,,,"431100",,,,,,,,,,,,,,,,,,,,,,,,,,,,,,,,,,,,,47667,1988,1509,1398,111,359,0,21,36,12,51
"42003431400","14000US42003431400","Census Tract 4314","Census Tract 4314, Allegheny County, Pennsylvania","pa","140","00","ACSSF","0006280",,,,,"42","003",,,,"431400",,,,,,,,,,,,,,,,,,,,,,,,,,,,,,,,,,,,,49395,1123,900,769,131,120,0,0,43,7,53
"42003431500","14000US42003431500","Census Tract 4315","Census Tract 4315, Allegheny County, Pennsylvania","pa","140","00","ACSSF","0006281",,,,,"42","003",,,,"431500",,,,,,,,,,,,,,,,,,,,,,,,,,,,,,,,,,,,,41143,2087,1416,1251,165,281,0,14,248,25,103
"42003432300","14000US42003432300","Census Tract 4323","Census Tract 4323, Allegheny County, Pennsylvania","pa","140","00","ACSSF","0006282",,,,,"42","003",,,,"432300",,,,,,,,,,,,,,,,,,,,,,,,,,,,,,,,,,,,,35375,1250,993,906,87,144,0,0,93,7,13
"42003432400","14000US42003432400","Census Tract 4324","Census Tract 4324, Allegheny County, Pennsylvania","pa","140","00","ACSSF","0006283",,,,,"42","003",,,,"432400",,,,,,,,,,,,,,,,,,,,,,,,,,,,,,,,,,,,,55000,1555,1271,1148,123,133,0,21,57,0,73
"42003434000","14000US42003434000","Census Tract 4340","Census Tract 4340, Allegheny County, Pennsylvania","pa","140","00","ACSSF","0006284",,,,,"42","003",,,,"434000",,,,,,,,,,,,,,,,,,,,,,,,,,,,,,,,,,,,,92188,1015,864,780,84,55,0,0,4,5,87
"42003435000","14000US42003435000","Census Tract 4350","Census Tract 4350, Allegheny County, Pennsylvania","pa","140","00","ACSSF","0006285",,,,,"42","003",,,,"435000",,,,,,,,,,,,,,,,,,,,,,,,,,,,,,,,,,,,,56078,1427,1215,1119,96,67,0,0,72,20,53
"42003437000","14000US42003437000","Census Tract 4370","Census Tract 4370, Allegheny County, Pennsylvania","pa","140","00","ACSSF","0006286",,,,,"42","003",,,,"437000",,,,,,,,,,,,,,,,,,,,,,,,,,,,,,,,,,,,,106250,3043,2843,2475,368,42,0,0,15,0,143
"42003439000","14000US42003439000","Census Tract 4390","Census Tract 4390, Allegheny County, Pennsylvania","pa","140","00","ACSSF","0006287",,,,,"42","003",,,,"439000",,,,,,,,,,,,,,,,,,,,,,,,,,,,,,,,,,,,,102266,687,584,553,31,12,0,0,2,5,84
"42003445500","14000US42003445500","Census Tract 4455","Census Tract 4455, Allegheny County, Pennsylvania","pa","140","00","ACSSF","0006288",,,,,"42","003",,,,"445500",,,,,,,,,,,,,,,,,,,,,,,,,,,,,,,,,,,,,72727,1831,1401,1300,101,99,17,0,159,43,112
"42003446000","14000US42003446000","Census Tract 4460","Census Tract 4460, Allegheny County, Pennsylvania","pa","140","00","ACSSF","0006289",,,,,"42","003",,,,"446000",,,,,,,,,,,,,,,,,,,,,,,,,,,,,,,,,,,,,161641,678,518,508,10,9,0,10,33,8,100
"42003447000","14000US42003447000","Census Tract 4470","Census Tract 4470, Allegheny County, Pennsylvania","pa","140","00","ACSSF","0006290",,,,,"42","003",,,,"447000",,,,,,,,,,,,,,,,,,,,,,,,,,,,,,,,,,,,,90000,817,699,668,31,10,0,0,4,26,78
"42003448000","14000US42003448000","Census Tract 4480","Census Tract 4480, Allegheny County, Pennsylvania","pa","140","00","ACSSF","0006291",,,,,"42","003",,,,"448000",,,,,,,,,,,,,,,,,,,,,,,,,,,,,,,,,,,,,50063,594,452,424,28,34,0,3,61,12,32
"42003449000","14000US42003449000","Census Tract 4490","Census Tract 4490, Allegheny County, Pennsylvania","pa","140","00","ACSSF","0006292",,,,,"42","003",,,,"449000",,,,,,,,,,,,,,,,,,,,,,,,,,,,,,,,,,,,,73042,1391,1289,1197,92,18,9,0,0,18,57
"42003450700","14000US42003450700","Census Tract 4507","Census Tract 4507, Allegheny County, Pennsylvania","pa","140","00","ACSSF","0006293",,,,,"42","003",,,,"450700",,,,,,,,,,,,,,,,,,,,,,,,,,,,,,,,,,,,,43904,1375,1268,1186,82,42,0,0,18,0,47
"42003450800","14000US42003450800","Census Tract 4508","Census Tract 4508, Allegheny County, Pennsylvania","pa","140","00","ACSSF","0006294",,,,,"42","003",,,,"450800",,,,,,,,,,,,,,,,,,,,,,,,,,,,,,,,,,,,,47762,1262,1127,1045,82,30,0,0,87,17,1
"42003451101","14000US42003451101","Census Tract 4511.01","Census Tract 4511.01, Allegheny County, Pennsylvania","pa","140","00","ACSSF","0006295",,,,,"42","003",,,,"451101",,,,,,,,,,,,,,,,,,,,,,,,,,,,,,,,,,,,,82586,2052,1829,1627,202,28,0,0,18,41,136
"42003451102","14000US42003451102","Census Tract 4511.02","Census Tract 4511.02, Allegheny County, Pennsylvania","pa","140","00","ACSSF","0006296",,,,,"42","003",,,,"451102",,,,,,,,,,,,,,,,,,,,,,,,,,,,,,,,,,,,,62712,2758,2333,2060,273,125,0,0,159,11,130
"42003451104","14000US42003451104","Census Tract 4511.04","Census Tract 4511.04, Allegheny County, Pennsylvania","pa","140","00","ACSSF","0006297",,,,,"42","003",,,,"451104",,,,,,,,,,,,,,,,,,,,,,,,,,,,,,,,,,,,,111346,2042,1853,1743,110,32,0,0,3,41,113
"42003451105","14000US42003451105","Census Tract 4511.05","Census Tract 4511.05, Allegheny County, Pennsylvania","pa","140","00","ACSSF","0006298",,,,,"42","003",,,,"451105",,,,,,,,,,,,,,,,,,,,,,,,,,,,,,,,,,,,,60644,2734,2269,1956,313,179,0,0,111,0,175
"42003451300","14000US42003451300","Census Tract 4513","Census Tract 4513, Allegheny County, Pennsylvania","pa","140","00","ACSSF","0006299",,,,,"42","003",,,,"451300",,,,,,,,,,,,,,,,,,,,,,,,,,,,,,,,,,,,,109949,4122,3774,3619,155,95,0,0,30,0,223
"42003452000","14000US42003452000","Census Tract 4520","Census Tract 4520, Allegheny County, Pennsylvania","pa","140","00","ACSSF","0006300",,,,,"42","003",,,,"452000",,,,,,,,,,,,,,,,,,,,,,,,,,,,,,,,,,,,,78354,2858,2618,2501,117,32,0,0,45,13,150
"42003453003","14000US42003453003","Census Tract 4530.03","Census Tract 4530.03, Allegheny County, Pennsylvania","pa","140","00","ACSSF","0006301",,,,,"42","003",,,,"453003",,,,,,,,,,,,,,,,,,,,,,,,,,,,,,,,,,,,,68125,996,919,869,50,48,0,0,0,0,29
"42003453004","14000US42003453004","Census Tract 4530.04","Census Tract 4530.04, Allegheny County, Pennsylvania","pa","140","00","ACSSF","0006302",,,,,"42","003",,,,"453004",,,,,,,,,,,,,,,,,,,,,,,,,,,,,,,,,,,,,76322,4028,3804,3346,458,26,0,0,29,20,149
"42003455000","14000US42003455000","Census Tract 4550","Census Tract 4550, Allegheny County, Pennsylvania","pa","140","00","ACSSF","0006303",,,,,"42","003",,,,"455000",,,,,,,,,,,,,,,,,,,,,,,,,,,,,,,,,,,,,65000,798,719,664,55,32,0,0,23,0,24
"42003456001","14000US42003456001","Census Tract 4560.01","Census Tract 4560.01, Allegheny County, Pennsylvania","pa","140","00","ACSSF","0006304",,,,,"42","003",,,,"456001",,,,,,,,,,,,,,,,,,,,,,,,,,,,,,,,,,,,,95032,2160,1944,1839,105,31,0,0,0,0,185
"42003456003","14000US42003456003","Census Tract 4560.03","Census Tract 4560.03, Allegheny County, Pennsylvania","pa","140","00","ACSSF","0006305",,,,,"42","003",,,,"456003",,,,,,,,,,,,,,,,,,,,,,,,,,,,,,,,,,,,,88733,3424,3121,2882,239,62,0,0,0,0,241
"42003456004","14000US42003456004","Census Tract 4560.04","Census Tract 4560.04, Allegheny County, Pennsylvania","pa","140","00","ACSSF","0006306",,,,,"42","003",,,,"456004",,,,,,,,,,,,,,,,,,,,,,,,,,,,,,,,,,,,,69279,2383,2123,2010,113,82,0,0,24,0,154
"42003457100","14000US42003457100","Census Tract 4571","Census Tract 4571, Allegheny County, Pennsylvania","pa","140","00","ACSSF","0006307",,,,,"42","003",,,,"457100",,,,,,,,,,,,,,,,,,,,,,,,,,,,,,,,,,,,,44712,827,693,593,100,29,0,0,51,0,54
"42003457200","14000US42003457200","Census Tract 4572","Census Tract 4572, Allegheny County, Pennsylvania","pa","140","00","ACSSF","0006308",,,,,"42","003",,,,"457200",,,,,,,,,,,,,,,,,,,,,,,,,,,,,,,,,,,,,46057,1772,1622,1543,79,87,0,0,46,6,11
"42003458000","14000US42003458000","Census Tract 4580","Census Tract 4580, Allegheny County, Pennsylvania","pa","140","00","ACSSF","0006309",,,,,"42","003",,,,"458000",,,,,,,,,,,,,,,,,,,,,,,,,,,,,,,,,,,,,86377,4251,3587,3267,320,393,0,0,2,13,256
"42003459101","14000US42003459101","Census Tract 4591.01","Census Tract 4591.01, Allegheny County, Pennsylvania","pa","140","00","ACSSF","0006310",,,,,"42","003",,,,"459101",,,,,,,,,,,,,,,,,,,,,,,,,,,,,,,,,,,,,67796,735,669,589,80,23,0,0,1,0,42
"42003459102","14000US42003459102","Census Tract 4591.02","Census Tract 4591.02, Allegheny County, Pennsylvania","pa","140","00","ACSSF","0006311",,,,,"42","003",,,,"459102",,,,,,,,,,,,,,,,,,,,,,,,,,,,,,,,,,,,,89399,3071,2766,2579,187,70,0,4,25,0,206
"42003459201","14000US42003459201","Census Tract 4592.01","Census Tract 4592.01, Allegheny County, Pennsylvania","pa","140","00","ACSSF","0006312",,,,,"42","003",,,,"459201",,,,,,,,,,,,,,,,,,,,,,,,,,,,,,,,,,,,,85030,3524,2927,2868,59,153,0,0,73,90,281
"42003459202","14000US42003459202","Census Tract 4592.02","Census Tract 4592.02, Allegheny County, Pennsylvania","pa","140","00","ACSSF","0006313",,,,,"42","003",,,,"459202",,,,,,,,,,,,,,,,,,,,,,,,,,,,,,,,,,,,,60966,551,490,458,32,18,0,3,0,5,35
"42003460001","14000US42003460001","Census Tract 4600.01","Census Tract 4600.01, Allegheny County, Pennsylvania","pa","140","00","ACSSF","0006314",,,,,"42","003",,,,"460001",,,,,,,,,,,,,,,,,,,,,,,,,,,,,,,,,,,,,69353,2208,2022,1825,197,132,0,0,0,5,49
"42003460002","14000US42003460002","Census Tract 4600.02","Census Tract 4600.02, Allegheny County, Pennsylvania","pa","140","00","ACSSF","0006315",,,,,"42","003",,,,"460002",,,,,,,,,,,,,,,,,,,,,,,,,,,,,,,,,,,,,71304,1802,1600,1429,171,63,0,0,0,0,139
"42003461000","14000US42003461000","Census Tract 4610","Census Tract 4610, Allegheny County, Pennsylvania","pa","140","00","ACSSF","0006316",,,,,"42","003",,,,"461000",,,,,,,,,,,,,,,,,,,,,,,,,,,,,,,,,,,,,39063,558,487,416,71,34,0,3,18,4,12
"42003462100","14000US42003462100","Census Tract 4621","Census Tract 4621, Allegheny County, Pennsylvania","pa","140","00","ACSSF","0006317",,,,,"42","003",,,,"462100",,,,,,,,,,,,,,,,,,,,,,,,,,,,,,,,,,,,,41250,1011,839,716,123,76,0,8,72,0,16
"42003462600","14000US42003462600","Census Tract 4626","Census Tract 4626, Allegheny County, Pennsylvania","pa","140","00","ACSSF","0006318",,,,,"42","003",,,,"462600",,,,,,,,,,,,,,,,,,,,,,,,,,,,,,,,,,,,,38424,1537,1241,1139,102,204,0,0,58,0,34
"42003463900","14000US42003463900","Census Tract 4639","Census Tract 4639, Allegheny County, Pennsylvania","pa","140","00","ACSSF","0006319",,,,,"42","003",,,,"463900",,,,,,,,,,,,,,,,,,,,,,,,,,,,,,,,,,,,,45441,1371,1008,814,194,163,0,0,165,16,19
"42003464300","14000US42003464300","Census Tract 4643","Census Tract 4643, Allegheny County, Pennsylvania","pa","140","00","ACSSF","0006320",,,,,"42","003",,,,"464300",,,,,,,,,,,,,,,,,,,,,,,,,,,,,,,,,,,,,51611,1928,1529,1376,153,261,0,11,43,9,75
"42003464400","14000US42003464400","Census Tract 4644","Census Tract 4644, Allegheny County, Pennsylvania","pa","140","00","ACSSF","0006321",,,,,"42","003",,,,"464400",,,,,,,,,,,,,,,,,,,,,,,,,,,,,,,,,,,,,22039,1372,955,800,155,199,0,0,148,0,70
"42003465600","14000US42003465600","Census Tract 4656","Census Tract 4656, Allegheny County, Pennsylvania","pa","140","00","ACSSF","0006322",,,,,"42","003",,,,"465600",,,,,,,,,,,,,,,,,,,,,,,,,,,,,,,,,,,,,41934,1341,1143,906,237,97,0,0,59,9,33
"42003465800","14000US42003465800","Census Tract 4658","Census Tract 4658, Allegheny County, Pennsylvania","pa","140","00","ACSSF","0006323",,,,,"42","003",,,,"465800",,,,,,,,,,,,,,,,,,,,,,,,,,,,,,,,,,,,,65175,1830,1455,1328,127,286,0,0,19,8,62
"42003468700","14000US42003468700","Census Tract 4687","Census Tract 4687, Allegheny County, Pennsylvania","pa","140","00","ACSSF","0006324",,,,,"42","003",,,,"468700",,,,,,,,,,,,,,,,,,,,,,,,,,,,,,,,,,,,,50606,778,638,594,44,65,0,0,14,6,55
"42003468800","14000US42003468800","Census Tract 4688","Census Tract 4688, Allegheny County, Pennsylvania","pa","140","00","ACSSF","0006325",,,,,"42","003",,,,"468800",,,,,,,,,,,,,,,,,,,,,,,,,,,,,,,,,,,,,43276,1463,1265,1121,144,75,0,9,82,0,32
"42003468900","14000US42003468900","Census Tract 4689","Census Tract 4689, Allegheny County, Pennsylvania","pa","140","00","ACSSF","0006326",,,,,"42","003",,,,"468900",,,,,,,,,,,,,,,,,,,,,,,,,,,,,,,,,,,,,48381,1929,1474,1241,233,202,0,20,107,18,108
"42003469000","14000US42003469000","Census Tract 4690","Census Tract 4690, Allegheny County, Pennsylvania","pa","140","00","ACSSF","0006327",,,,,"42","003",,,,"469000",,,,,,,,,,,,,,,,,,,,,,,,,,,,,,,,,,,,,84952,2641,2130,1879,251,290,0,0,85,0,136
"42003470300","14000US42003470300","Census Tract 4703","Census Tract 4703, Allegheny County, Pennsylvania","pa","140","00","ACSSF","0006328",,,,,"42","003",,,,"470300",,,,,,,,,,,,,,,,,,,,,,,,,,,,,,,,,,,,,62131,1778,1491,1431,60,138,0,0,20,8,121
"42003470400","14000US42003470400","Census Tract 4704","Census Tract 4704, Allegheny County, Pennsylvania","pa","140","00","ACSSF","0006329",,,,,"42","003",,,,"470400",,,,,,,,,,,,,,,,,,,,,,,,,,,,,,,,,,,,,78703,1535,1329,1231,98,80,0,0,9,25,92
"42003470501","14000US42003470501","Census Tract 4705.01","Census Tract 4705.01, Allegheny County, Pennsylvania","pa","140","00","ACSSF","0006330",,,,,"42","003",,,,"470501",,,,,,,,,,,,,,,,,,,,,,,,,,,,,,,,,,,,,75947,2129,1469,1159,310,436,0,0,76,0,148
"42003470502","14000US42003470502","Census Tract 4705.02","Census Tract 4705.02, Allegheny County, Pennsylvania","pa","140","00","ACSSF","0006331",,,,,"42","003",,,,"470502",,,,,,,,,,,,,,,,,,,,,,,,,,,,,,,,,,,,,78179,1442,1220,1083,137,122,0,0,17,0,83
"42003470600","14000US42003470600","Census Tract 4706","Census Tract 4706, Allegheny County, Pennsylvania","pa","140","00","ACSSF","0006332",,,,,"42","003",,,,"470600",,,,,,,,,,,,,,,,,,,,,,,,,,,,,,,,,,,,,50542,1626,1471,1356,115,136,0,0,19,0,0
"42003471000","14000US42003471000","Census Tract 4710","Census Tract 4710, Allegheny County, Pennsylvania","pa","140","00","ACSSF","0006333",,,,,"42","003",,,,"471000",,,,,,,,,,,,,,,,,,,,,,,,,,,,,,,,,,,,,44135,719,598,550,48,37,0,0,44,8,32
"42003472100","14000US42003472100","Census Tract 4721","Census Tract 4721, Allegheny County, Pennsylvania","pa","140","00","ACSSF","0006334",,,,,"42","003",,,,"472100",,,,,,,,,,,,,,,,,,,,,,,,,,,,,,,,,,,,,49239,1328,855,765,90,332,0,0,14,29,98
"42003472200","14000US42003472200","Census Tract 4722","Census Tract 4722, Allegheny County, Pennsylvania","pa","140","00","ACSSF","0006335",,,,,"42","003",,,,"472200",,,,,,,,,,,,,,,,,,,,,,,,,,,,,,,,,,,,,77813,1465,1054,1006,48,332,0,0,15,0,64
"42003472300","14000US42003472300","Census Tract 4723","Census Tract 4723, Allegheny County, Pennsylvania","pa","140","00","ACSSF","0006336",,,,,"42","003",,,,"472300",,,,,,,,,,,,,,,,,,,,,,,,,,,,,,,,,,,,,57639,1360,1041,942,99,276,0,0,30,1,12
"42003472400","14000US42003472400","Census Tract 4724","Census Tract 4724, Allegheny County, Pennsylvania","pa","140","00","ACSSF","0006337",,,,,"42","003",,,,"472400",,,,,,,,,,,,,,,,,,,,,,,,,,,,,,,,,,,,,82679,1020,805,691,114,146,0,0,25,20,24
"42003473100","14000US42003473100","Census Tract 4731","Census Tract 4731, Allegheny County, Pennsylvania","pa","140","00","ACSSF","0006338",,,,,"42","003",,,,"473100",,,,,,,,,,,,,,,,,,,,,,,,,,,,,,,,,,,,,87560,2574,1969,1813,156,277,0,0,109,0,219
"42003473200","14000US42003473200","Census Tract 4732","Census Tract 4732, Allegheny County, Pennsylvania","pa","140","00","ACSSF","0006339",,,,,"42","003",,,,"473200",,,,,,,,,,,,,,,,,,,,,,,,,,,,,,,,,,,,,69224,1559,1126,1020,106,252,0,0,95,0,86
"42003473300","14000US42003473300","Census Tract 4733","Census Tract 4733, Allegheny County, Pennsylvania","pa","140","00","ACSSF","0006340",,,,,"42","003",,,,"473300",,,,,,,,,,,,,,,,,,,,,,,,,,,,,,,,,,,,,101366,2648,2167,1859,308,291,0,19,34,0,137
"42003473401","14000US42003473401","Census Tract 4734.01","Census Tract 4734.01, Allegheny County, Pennsylvania","pa","140","00","ACSSF","0006341",,,,,"42","003",,,,"473401",,,,,,,,,,,,,,,,,,,,,,,,,,,,,,,,,,,,,74948,1795,1244,1105,139,225,0,11,101,10,204
"42003473402","14000US42003473402","Census Tract 4734.02","Census Tract 4734.02, Allegheny County, Pennsylvania","pa","140","00","ACSSF","0006342",,,,,"42","003",,,,"473402",,,,,,,,,,,,,,,,,,,,,,,,,,,,,,,,,,,,,108056,1746,1365,1199,166,155,0,0,33,0,193
"42003473500","14000US42003473500","Census Tract 4735","Census Tract 4735, Allegheny County, Pennsylvania","pa","140","00","ACSSF","0006343",,,,,"42","003",,,,"473500",,,,,,,,,,,,,,,,,,,,,,,,,,,,,,,,,,,,,133965,1746,1484,1250,234,200,0,0,18,9,35
"42003473601","14000US42003473601","Census Tract 4736.01","Census Tract 4736.01, Allegheny County, Pennsylvania","pa","140","00","ACSSF","0006344",,,,,"42","003",,,,"473601",,,,,,,,,,,,,,,,,,,,,,,,,,,,,,,,,,,,,111000,1541,1247,1185,62,91,0,0,16,16,171
"42003473602","14000US42003473602","Census Tract 4736.02","Census Tract 4736.02, Allegheny County, Pennsylvania","pa","140","00","ACSSF","0006345",,,,,"42","003",,,,"473602",,,,,,,,,,,,,,,,,,,,,,,,,,,,,,,,,,,,,85673,2037,1764,1579,185,172,0,0,2,22,77
"42003474101","14000US42003474101","Census Tract 4741.01","Census Tract 4741.01, Allegheny County, Pennsylvania","pa","140","00","ACSSF","0006346",,,,,"42","003",,,,"474101",,,,,,,,,,,,,,,,,,,,,,,,,,,,,,,,,,,,,119271,1728,1499,1365,134,90,0,0,0,8,131
"42003474102","14000US42003474102","Census Tract 4741.02","Census Tract 4741.02, Allegheny County, Pennsylvania","pa","140","00","ACSSF","0006347",,,,,"42","003",,,,"474102",,,,,,,,,,,,,,,,,,,,,,,,,,,,,,,,,,,,,118958,1646,1384,1261,123,71,0,0,14,21,156
"42003474201","14000US42003474201","Census Tract 4742.01","Census Tract 4742.01, Allegheny County, Pennsylvania","pa","140","00","ACSSF","0006348",,,,,"42","003",,,,"474201",,,,,,,,,,,,,,,,,,,,,,,,,,,,,,,,,,,,,112917,1174,933,883,50,132,5,0,14,6,84
"42003474202","14000US42003474202","Census Tract 4742.02","Census Tract 4742.02, Allegheny County, Pennsylvania","pa","140","00","ACSSF","0006349",,,,,"42","003",,,,"474202",,,,,,,,,,,,,,,,,,,,,,,,,,,,,,,,,,,,,138194,2243,1739,1631,108,139,0,0,26,28,311
"42003474203","14000US42003474203","Census Tract 4742.03","Census Tract 4742.03, Allegheny County, Pennsylvania","pa","140","00","ACSSF","0006350",,,,,"42","003",,,,"474203",,,,,,,,,,,,,,,,,,,,,,,,,,,,,,,,,,,,,127865,2204,1742,1694,48,210,0,0,41,12,199
"42003475101","14000US42003475101","Census Tract 4751.01","Census Tract 4751.01, Allegheny County, Pennsylvania","pa","140","00","ACSSF","0006351",,,,,"42","003",,,,"475101",,,,,,,,,,,,,,,,,,,,,,,,,,,,,,,,,,,,,57000,2368,1699,1456,243,541,0,17,0,0,111
"42003475102","14000US42003475102","Census Tract 4751.02","Census Tract 4751.02, Allegheny County, Pennsylvania","pa","140","00","ACSSF","0006352",,,,,"42","003",,,,"475102",,,,,,,,,,,,,,,,,,,,,,,,,,,,,,,,,,,,,82596,828,644,616,28,97,0,5,13,5,64
"42003475200","14000US42003475200","Census Tract 4752","Census Tract 4752, Allegheny County, Pennsylvania","pa","140","00","ACSSF","0006353",,,,,"42","003",,,,"475200",,,,,,,,,,,,,,,,,,,,,,,,,,,,,,,,,,,,,82536,2252,1877,1765,112,204,0,0,7,22,142
"42003475301","14000US42003475301","Census Tract 4753.01","Census Tract 4753.01, Allegheny County, Pennsylvania","pa","140","00","ACSSF","0006354",,,,,"42","003",,,,"475301",,,,,,,,,,,,,,,,,,,,,,,,,,,,,,,,,,,,,58388,2512,2094,1992,102,267,0,0,41,0,110
"42003475303","14000US42003475303","Census Tract 4753.03","Census Tract 4753.03, Allegheny County, Pennsylvania","pa","140","00","ACSSF","0006355",,,,,"42","003",,,,"475303",,,,,,,,,,,,,,,,,,,,,,,,,,,,,,,,,,,,,85450,1823,1541,1469,72,163,0,0,10,25,84
"42003475304","14000US42003475304","Census Tract 4753.04","Census Tract 4753.04, Allegheny County, Pennsylvania","pa","140","00","ACSSF","0006356",,,,,"42","003",,,,"475304",,,,,,,,,,,,,,,,,,,,,,,,,,,,,,,,,,,,,89300,2991,2507,2339,168,167,0,0,21,54,242
"42003475401","14000US42003475401","Census Tract 4754.01","Census Tract 4754.01, Allegheny County, Pennsylvania","pa","140","00","ACSSF","0006357",,,,,"42","003",,,,"475401",,,,,,,,,,,,,,,,,,,,,,,,,,,,,,,,,,,,,81589,1777,1452,1322,130,197,0,0,8,23,97
"42003475402","14000US42003475402","Census Tract 4754.02","Census Tract 4754.02, Allegheny County, Pennsylvania","pa","140","00","ACSSF","0006358",,,,,"42","003",,,,"475402",,,,,,,,,,,,,,,,,,,,,,,,,,,,,,,,,,,,,80556,1515,1175,1105,70,140,0,9,24,18,149
"42003476100","14000US42003476100","Census Tract 4761","Census Tract 4761, Allegheny County, Pennsylvania","pa","140","00","ACSSF","0006359",,,,,"42","003",,,,"476100",,,,,,,,,,,,,,,,,,,,,,,,,,,,,,,,,,,,,53467,2782,2051,1812,239,419,0,0,108,43,161
"42003476200","14000US42003476200","Census Tract 4762","Census Tract 4762, Allegheny County, Pennsylvania","pa","140","00","ACSSF","0006360",,,,,"42","003",,,,"476200",,,,,,,,,,,,,,,,,,,,,,,,,,,,,,,,,,,,,64269,1965,1649,1483,166,217,11,0,12,12,64
"42003477100","14000US42003477100","Census Tract 4771","Census Tract 4771, Allegheny County, Pennsylvania","pa","140","00","ACSSF","0006361",,,,,"42","003",,,,"477100",,,,,,,,,,,,,,,,,,,,,,,,,,,,,,,,,,,,,77692,1618,1448,1381,67,117,0,0,6,7,40
"42003477200","14000US42003477200","Census Tract 4772","Census Tract 4772, Allegheny County, Pennsylvania","pa","140","00","ACSSF","0006362",,,,,"42","003",,,,"477200",,,,,,,,,,,,,,,,,,,,,,,,,,,,,,,,,,,,,63045,1838,1574,1492,82,185,0,0,0,0,79
"42003477300","14000US42003477300","Census Tract 4773","Census Tract 4773, Allegheny County, Pennsylvania","pa","140","00","ACSSF","0006363",,,,,"42","003",,,,"477300",,,,,,,,,,,,,,,,,,,,,,,,,,,,,,,,,,,,,56071,3058,2519,2061,458,265,0,10,123,62,79
"42003478100","14000US42003478100","Census Tract 4781","Census Tract 4781, Allegheny County, Pennsylvania","pa","140","00","ACSSF","0006364",,,,,"42","003",,,,"478100",,,,,,,,,,,,,,,,,,,,,,,,,,,,,,,,,,,,,53333,2328,1966,1647,319,235,0,0,36,20,71
"42003478200","14000US42003478200","Census Tract 4782","Census Tract 4782, Allegheny County, Pennsylvania","pa","140","00","ACSSF","0006365",,,,,"42","003",,,,"478200",,,,,,,,,,,,,,,,,,,,,,,,,,,,,,,,,,,,,58175,2589,2088,1780,308,183,0,0,146,31,141
"42003479000","14000US42003479000","Census Tract 4790","Census Tract 4790, Allegheny County, Pennsylvania","pa","140","00","ACSSF","0006366",,,,,"42","003",,,,"479000",,,,,,,,,,,,,,,,,,,,,,,,,,,,,,,,,,,,,62500,1040,951,783,168,45,0,0,9,0,35
"42003480101","14000US42003480101","Census Tract 4801.01","Census Tract 4801.01, Allegheny County, Pennsylvania","pa","140","00","ACSSF","0006367",,,,,"42","003",,,,"480101",,,,,,,,,,,,,,,,,,,,,,,,,,,,,,,,,,,,,49948,2791,2372,2010,362,243,0,0,93,18,65
"42003480102","14000US42003480102","Census Tract 4801.02","Census Tract 4801.02, Allegheny County, Pennsylvania","pa","140","00","ACSSF","0006368",,,,,"42","003",,,,"480102",,,,,,,,,,,,,,,,,,,,,,,,,,,,,,,,,,,,,60043,1483,1337,1251,86,64,0,0,23,25,34
"42003480200","14000US42003480200","Census Tract 4802","Census Tract 4802, Allegheny County, Pennsylvania","pa","140","00","ACSSF","0006369",,,,,"42","003",,,,"480200",,,,,,,,,,,,,,,,,,,,,,,,,,,,,,,,,,,,,77683,1614,1287,1178,109,191,0,0,12,0,124
"42003480300","14000US42003480300","Census Tract 4803","Census Tract 4803, Allegheny County, Pennsylvania","pa","140","00","ACSSF","0006370",,,,,"42","003",,,,"480300",,,,,,,,,,,,,,,,,,,,,,,,,,,,,,,,,,,,,65000,1724,1519,1250,269,53,8,27,0,25,92
"42003480400","14000US42003480400","Census Tract 4804","Census Tract 4804, Allegheny County, Pennsylvania","pa","140","00","ACSSF","0006371",,,,,"42","003",,,,"480400",,,,,,,,,,,,,,,,,,,,,,,,,,,,,,,,,,,,,73571,2123,2012,1764,248,56,0,0,1,0,54
"42003481000","14000US42003481000","Census Tract 4810","Census Tract 4810, Allegheny County, Pennsylvania","pa","140","00","ACSSF","0006372",,,,,"42","003",,,,"481000",,,,,,,,,,,,,,,,,,,,,,,,,,,,,,,,,,,,,42588,1434,865,722,143,414,0,0,105,36,14
"42003482500","14000US42003482500","Census Tract 4825","Census Tract 4825, Allegheny County, Pennsylvania","pa","140","00","ACSSF","0006373",,,,,"42","003",,,,"482500",,,,,,,,,,,,,,,,,,,,,,,,,,,,,,,,,,,,,52917,943,834,759,75,69,0,0,18,3,19
"42003483800","14000US42003483800","Census Tract 4838","Census Tract 4838, Allegheny County, Pennsylvania","pa","140","00","ACSSF","0006374",,,,,"42","003",,,,"483800",,,,,,,,,,,,,,,,,,,,,,,,,,,,,,,,,,,,,24231,1166,588,526,62,476,0,2,75,17,8
"42003484300","14000US42003484300","Census Tract 4843","Census Tract 4843, Allegheny County, Pennsylvania","pa","140","00","ACSSF","0006375",,,,,"42","003",,,,"484300",,,,,,,,,,,,,,,,,,,,,,,,,,,,,,,,,,,,,34278,1653,1187,1020,167,305,0,0,52,77,32
"42003484500","14000US42003484500","Census Tract 4845","Census Tract 4845, Allegheny County, Pennsylvania","pa","140","00","ACSSF","0006376",,,,,"42","003",,,,"484500",,,,,,,,,,,,,,,,,,,,,,,,,,,,,,,,,,,,,51974,3030,2590,2363,227,183,0,0,72,17,168
"42003484600","14000US42003484600","Census Tract 4846","Census Tract 4846, Allegheny County, Pennsylvania","pa","140","00","ACSSF","0006377",,,,,"42","003",,,,"484600",,,,,,,,,,,,,,,,,,,,,,,,,,,,,,,,,,,,,41068,891,652,574,78,81,0,0,69,0,89
"42003485000","14000US42003485000","Census Tract 4850","Census Tract 4850, Allegheny County, Pennsylvania","pa","140","00","ACSSF","0006378",,,,,"42","003",,,,"485000",,,,,,,,,,,,,,,,,,,,,,,,,,,,,,,,,,,,,42500,616,502,418,84,67,0,0,16,13,18
"42003486700","14000US42003486700","Census Tract 4867","Census Tract 4867, Allegheny County, Pennsylvania","pa","140","00","ACSSF","0006379",,,,,"42","003",,,,"486700",,,,,,,,,,,,,,,,,,,,,,,,,,,,,,,,,,,,,16708,901,419,312,107,386,0,6,49,6,35
"42003486800","14000US42003486800","Census Tract 4868","Census Tract 4868, Allegheny County, Pennsylvania","pa","140","00","ACSSF","0006380",,,,,"42","003",,,,"486800",,,,,,,,,,,,,,,,,,,,,,,,,,,,,,,,,,,,,35250,632,510,469,41,43,0,0,35,27,17
"42003486900","14000US42003486900","Census Tract 4869","Census Tract 4869, Allegheny County, Pennsylvania","pa","140","00","ACSSF","0006381",,,,,"42","003",,,,"486900",,,,,,,,,,,,,,,,,,,,,,,,,,,,,,,,,,,,,29671,491,361,309,52,94,0,0,0,0,36
"42003487000","14000US42003487000","Census Tract 4870","Census Tract 4870, Allegheny County, Pennsylvania","pa","140","00","ACSSF","0006382",,,,,"42","003",,,,"487000",,,,,,,,,,,,,,,,,,,,,,,,,,,,,,,,,,,,,34583,842,745,670,75,68,0,0,7,15,7
"42003488100","14000US42003488100","Census Tract 4881","Census Tract 4881, Allegheny County, Pennsylvania","pa","140","00","ACSSF","0006383",,,,,"42","003",,,,"488100",,,,,,,,,,,,,,,,,,,,,,,,,,,,,,,,,,,,,49881,1054,977,922,55,29,13,0,22,0,13
"42003488200","14000US42003488200","Census Tract 4882","Census Tract 4882, Allegheny County, Pennsylvania","pa","140","00","ACSSF","0006384",,,,,"42","003",,,,"488200",,,,,,,,,,,,,,,,,,,,,,,,,,,,,,,,,,,,,49960,1399,1255,1049,206,94,0,0,16,34,0
"42003488300","14000US42003488300","Census Tract 4883","Census Tract 4883, Allegheny County, Pennsylvania","pa","140","00","ACSSF","0006385",,,,,"42","003",,,,"488300",,,,,,,,,,,,,,,,,,,,,,,,,,,,,,,,,,,,,60208,1091,998,823,175,11,0,0,34,6,42
"42003488400","14000US42003488400","Census Tract 4884","Census Tract 4884, Allegheny County, Pennsylvania","pa","140","00","ACSSF","0006386",,,,,"42","003",,,,"488400",,,,,,,,,,,,,,,,,,,,,,,,,,,,,,,,,,,,,44600,2190,1929,1527,402,137,0,0,21,28,75
"42003488500","14000US42003488500","Census Tract 4885","Census Tract 4885, Allegheny County, Pennsylvania","pa","140","00","ACSSF","0006387",,,,,"42","003",,,,"488500",,,,,,,,,,,,,,,,,,,,,,,,,,,,,,,,,,,,,56618,1519,1319,1238,81,78,0,0,70,13,39
"42003488600","14000US42003488600","Census Tract 4886","Census Tract 4886, Allegheny County, Pennsylvania","pa","140","00","ACSSF","0006388",,,,,"42","003",,,,"488600",,,,,,,,,,,,,,,,,,,,,,,,,,,,,,,,,,,,,62176,2382,2261,2130,131,13,0,0,48,13,47
"42003489001","14000US42003489001","Census Tract 4890.01","Census Tract 4890.01, Allegheny County, Pennsylvania","pa","140","00","ACSSF","0006389",,,,,"42","003",,,,"489001",,,,,,,,,,,,,,,,,,,,,,,,,,,,,,,,,,,,,59813,2260,2070,1784,286,105,8,0,20,0,57
"42003489002","14000US42003489002","Census Tract 4890.02","Census Tract 4890.02, Allegheny County, Pennsylvania","pa","140","00","ACSSF","0006390",,,,,"42","003",,,,"489002",,,,,,,,,,,,,,,,,,,,,,,,,,,,,,,,,,,,,85956,2071,1741,1558,183,141,0,0,49,0,140
"42003490002","14000US42003490002","Census Tract 4900.02","Census Tract 4900.02, Allegheny County, Pennsylvania","pa","140","00","ACSSF","0006391",,,,,"42","003",,,,"490002",,,,,,,,,,,,,,,,,,,,,,,,,,,,,,,,,,,,,52637,2412,2200,2008,192,73,0,0,31,10,98
"42003490003","14000US42003490003","Census Tract 4900.03","Census Tract 4900.03, Allegheny County, Pennsylvania","pa","140","00","ACSSF","0006392",,,,,"42","003",,,,"490003",,,,,,,,,,,,,,,,,,,,,,,,,,,,,,,,,,,,,80729,2082,1726,1498,228,214,0,0,35,12,95
"42003490004","14000US42003490004","Census Tract 4900.04","Census Tract 4900.04, Allegheny County, Pennsylvania","pa","140","00","ACSSF","0006393",,,,,"42","003",,,,"490004",,,,,,,,,,,,,,,,,,,,,,,,,,,,,,,,,,,,,87194,2754,2381,2159,222,199,0,0,25,29,120
"42003491101","14000US42003491101","Census Tract 4911.01","Census Tract 4911.01, Allegheny County, Pennsylvania","pa","140","00","ACSSF","0006394",,,,,"42","003",,,,"491101",,,,,,,,,,,,,,,,,,,,,,,,,,,,,,,,,,,,,105944,3404,3025,2894,131,53,0,0,0,16,310
"42003491200","14000US42003491200","Census Tract 4912","Census Tract 4912, Allegheny County, Pennsylvania","pa","140","00","ACSSF","0006395",,,,,"42","003",,,,"491200",,,,,,,,,,,,,,,,,,,,,,,,,,,,,,,,,,,,,76667,1168,1110,994,116,13,8,0,13,0,24
"42003492700","14000US42003492700","Census Tract 4927","Census Tract 4927, Allegheny County, Pennsylvania","pa","140","00","ACSSF","0006396",,,,,"42","003",,,,"492700",,,,,,,,,,,,,,,,,,,,,,,,,,,,,,,,,,,,,31473,986,900,716,184,33,0,0,6,26,21
"42003492800","14000US42003492800","Census Tract 4928","Census Tract 4928, Allegheny County, Pennsylvania","pa","140","00","ACSSF","0006397",,,,,"42","003",,,,"492800",,,,,,,,,,,,,,,,,,,,,,,,,,,,,,,,,,,,,28620,872,690,602,88,134,0,0,13,0,35
"42003492900","14000US42003492900","Census Tract 4929","Census Tract 4929, Allegheny County, Pennsylvania","pa","140","00","ACSSF","0006398",,,,,"42","003",,,,"492900",,,,,,,,,,,,,,,,,,,,,,,,,,,,,,,,,,,,,33750,841,668,561,107,173,0,0,0,0,0
"42003494000","14000US42003494000","Census Tract 4940","Census Tract 4940, Allegheny County, Pennsylvania","pa","140","00","ACSSF","0006399",,,,,"42","003",,,,"494000",,,,,,,,,,,,,,,,,,,,,,,,,,,,,,,,,,,,,38897,678,607,578,29,38,0,0,20,5,8
"42003495000","14000US42003495000","Census Tract 4950","Census Tract 4950, Allegheny County, Pennsylvania","pa","140","00","ACSSF","0006400",,,,,"42","003",,,,"495000",,,,,,,,,,,,,,,,,,,,,,,,,,,,,,,,,,,,,60417,1562,1423,1326,97,11,0,0,22,9,97
"42003496101","14000US42003496101","Census Tract 4961.01","Census Tract 4961.01, Allegheny County, Pennsylvania","pa","140","00","ACSSF","0006401",,,,,"42","003",,,,"496101",,,,,,,,,,,,,,,,,,,,,,,,,,,,,,,,,,,,,80511,1475,1367,1264,103,28,0,0,11,0,69
"42003496102","14000US42003496102","Census Tract 4961.02","Census Tract 4961.02, Allegheny County, Pennsylvania","pa","140","00","ACSSF","0006402",,,,,"42","003",,,,"496102",,,,,,,,,,,,,,,,,,,,,,,,,,,,,,,,,,,,,59742,2039,1949,1845,104,37,0,0,9,0,44
"42003496200","14000US42003496200","Census Tract 4962","Census Tract 4962, Allegheny County, Pennsylvania","pa","140","00","ACSSF","0006403",,,,,"42","003",,,,"496200",,,,,,,,,,,,,,,,,,,,,,,,,,,,,,,,,,,,,57771,2959,2790,2614,176,61,0,16,37,0,55
"42003497000","14000US42003497000","Census Tract 4970","Census Tract 4970, Allegheny County, Pennsylvania","pa","140","00","ACSSF","0006404",,,,,"42","003",,,,"497000",,,,,,,,,,,,,,,,,,,,,,,,,,,,,,,,,,,,,61607,501,467,429,38,9,0,0,5,3,17
"42003498000","14000US42003498000","Census Tract 4980","Census Tract 4980, Allegheny County, Pennsylvania","pa","140","00","ACSSF","0006405",,,,,"42","003",,,,"498000",,,,,,,,,,,,,,,,,,,,,,,,,,,,,,,,,,,,,52039,1266,1198,1090,108,13,0,6,23,5,21
"42003499300","14000US42003499300","Census Tract 4993","Census Tract 4993, Allegheny County, Pennsylvania","pa","140","00","ACSSF","0006406",,,,,"42","003",,,,"499300",,,,,,,,,,,,,,,,,,,,,,,,,,,,,,,,,,,,,48125,837,809,778,31,18,0,0,0,0,10
"42003499400","14000US42003499400","Census Tract 4994","Census Tract 4994, Allegheny County, Pennsylvania","pa","140","00","ACSSF","0006407",,,,,"42","003",,,,"499400",,,,,,,,,,,,,,,,,,,,,,,,,,,,,,,,,,,,,31615,1320,1089,1014,75,65,13,0,93,12,48
"42003500300","14000US42003500300","Census Tract 5003","Census Tract 5003, Allegheny County, Pennsylvania","pa","140","00","ACSSF","0006408",,,,,"42","003",,,,"500300",,,,,,,,,,,,,,,,,,,,,,,,,,,,,,,,,,,,,52520,1861,1718,1501,217,70,12,0,0,15,46
"42003501000","14000US42003501000","Census Tract 5010","Census Tract 5010, Allegheny County, Pennsylvania","pa","140","00","ACSSF","0006409",,,,,"42","003",,,,"501000",,,,,,,,,,,,,,,,,,,,,,,,,,,,,,,,,,,,,34397,730,668,599,69,26,0,0,11,0,25
"42003503002","14000US42003503002","Census Tract 5030.02","Census Tract 5030.02, Allegheny County, Pennsylvania","pa","140","00","ACSSF","0006410",,,,,"42","003",,,,"503002",,,,,,,,,,,,,,,,,,,,,,,,,,,,,,,,,,,,,54427,2867,2639,2408,231,77,19,0,84,0,48
"42003504100","14000US42003504100","Census Tract 5041","Census Tract 5041, Allegheny County, Pennsylvania","pa","140","00","ACSSF","0006411",,,,,"42","003",,,,"504100",,,,,,,,,,,,,,,,,,,,,,,,,,,,,,,,,,,,,40402,2125,1689,1524,165,280,0,0,28,46,82
"42003507000","14000US42003507000","Census Tract 5070","Census Tract 5070, Allegheny County, Pennsylvania","pa","140","00","ACSSF","0006412",,,,,"42","003",,,,"507000",,,,,,,,,,,,,,,,,,,,,,,,,,,,,,,,,,,,,45292,994,891,832,59,24,0,0,11,5,63
"42003508000","14000US42003508000","Census Tract 5080","Census Tract 5080, Allegheny County, Pennsylvania","pa","140","00","ACSSF","0006413",,,,,"42","003",,,,"508000",,,,,,,,,,,,,,,,,,,,,,,,,,,,,,,,,,,,,27561,610,543,417,126,31,0,0,16,0,20
"42003509400","14000US42003509400","Census Tract 5094","Census Tract 5094, Allegheny County, Pennsylvania","pa","140","00","ACSSF","0006414",,,,,"42","003",,,,"509400",,,,,,,,,,,,,,,,,,,,,,,,,,,,,,,,,,,,,30643,2366,2101,1847,254,92,0,0,14,0,159
"42003510000","14000US42003510000","Census Tract 5100","Census Tract 5100, Allegheny County, Pennsylvania","pa","140","00","ACSSF","0006415",,,,,"42","003",,,,"510000",,,,,,,,,,,,,,,,,,,,,,,,,,,,,,,,,,,,,25848,759,475,434,41,232,0,0,5,0,47
"42003512000","14000US42003512000","Census Tract 5120","Census Tract 5120, Allegheny County, Pennsylvania","pa","140","00","ACSSF","0006416",,,,,"42","003",,,,"512000",,,,,,,,,,,,,,,,,,,,,,,,,,,,,,,,,,,,,39306,1079,896,697,199,62,0,0,44,12,65
"42003512800","14000US42003512800","Census Tract 5128","Census Tract 5128, Allegheny County, Pennsylvania","pa","140","00","ACSSF","0006417",,,,,"42","003",,,,"512800",,,,,,,,,,,,,,,,,,,,,,,,,,,,,,,,,,,,,20848,432,239,202,37,174,0,0,14,0,5
"42003512900","14000US42003512900","Census Tract 5129","Census Tract 5129, Allegheny County, Pennsylvania","pa","140","00","ACSSF","0006418",,,,,"42","003",,,,"512900",,,,,,,,,,,,,,,,,,,,,,,,,,,,,,,,,,,,,29167,363,206,189,17,112,0,0,8,5,32
"42003513800","14000US42003513800","Census Tract 5138","Census Tract 5138, Allegheny County, Pennsylvania","pa","140","00","ACSSF","0006419",,,,,"42","003",,,,"513800",,,,,,,,,,,,,,,,,,,,,,,,,,,,,,,,,,,,,22340,500,296,240,56,147,0,7,0,7,43
"42003514000","14000US42003514000","Census Tract 5140","Census Tract 5140, Allegheny County, Pennsylvania","pa","140","00","ACSSF","0006420",,,,,"42","003",,,,"514000",,,,,,,,,,,,,,,,,,,,,,,,,,,,,,,,,,,,,32321,974,569,453,116,331,0,0,14,6,54
"42003515100","14000US42003515100","Census Tract 5151","Census Tract 5151, Allegheny County, Pennsylvania","pa","140","00","ACSSF","0006421",,,,,"42","003",,,,"515100",,,,,,,,,,,,,,,,,,,,,,,,,,,,,,,,,,,,,37963,1446,818,695,123,475,0,0,94,19,40
"42003515200","14000US42003515200","Census Tract 5152","Census Tract 5152, Allegheny County, Pennsylvania","pa","140","00","ACSSF","0006422",,,,,"42","003",,,,"515200",,,,,,,,,,,,,,,,,,,,,,,,,,,,,,,,,,,,,46944,1286,941,856,85,279,13,12,10,0,31
"42003515300","14000US42003515300","Census Tract 5153","Census Tract 5153, Allegheny County, Pennsylvania","pa","140","00","ACSSF","0006423",,,,,"42","003",,,,"515300",,,,,,,,,,,,,,,,,,,,,,,,,,,,,,,,,,,,,36369,742,432,395,37,162,0,7,74,0,67
"42003515401","14000US42003515401","Census Tract 5154.01","Census Tract 5154.01, Allegheny County, Pennsylvania","pa","140","00","ACSSF","0006424",,,,,"42","003",,,,"515401",,,,,,,,,,,,,,,,,,,,,,,,,,,,,,,,,,,,,65655,1215,788,745,43,308,0,0,8,26,85
"42003516100","14000US42003516100","Census Tract 5161","Census Tract 5161, Allegheny County, Pennsylvania","pa","140","00","ACSSF","0006425",,,,,"42","003",,,,"516100",,,,,,,,,,,,,,,,,,,,,,,,,,,,,,,,,,,,,86806,921,653,552,101,136,0,18,26,0,88
"42003516200","14000US42003516200","Census Tract 5162","Census Tract 5162, Allegheny County, Pennsylvania","pa","140","00","ACSSF","0006426",,,,,"42","003",,,,"516200",,,,,,,,,,,,,,,,,,,,,,,,,,,,,,,,,,,,,61563,1036,861,746,115,104,0,6,4,0,61
"42003517000","14000US42003517000","Census Tract 5170","Census Tract 5170, Allegheny County, Pennsylvania","pa","140","00","ACSSF","0006427",,,,,"42","003",,,,"517000",,,,,,,,,,,,,,,,,,,,,,,,,,,,,,,,,,,,,30833,804,650,558,92,127,0,0,11,0,16
"42003518001","14000US42003518001","Census Tract 5180.01","Census Tract 5180.01, Allegheny County, Pennsylvania","pa","140","00","ACSSF","0006428",,,,,"42","003",,,,"518001",,,,,,,,,,,,,,,,,,,,,,,,,,,,,,,,,,,,,81306,1786,1543,1405,138,154,0,0,33,0,56
"42003519000","14000US42003519000","Census Tract 5190","Census Tract 5190, Allegheny County, Pennsylvania","pa","140","00","ACSSF","0006429",,,,,"42","003",,,,"519000",,,,,,,,,,,,,,,,,,,,,,,,,,,,,,,,,,,,,90114,1384,1220,1152,68,41,0,0,16,0,107
"42003520001","14000US42003520001","Census Tract 5200.01","Census Tract 5200.01, Allegheny County, Pennsylvania","pa","140","00","ACSSF","0006430",,,,,"42","003",,,,"520001",,,,,,,,,,,,,,,,,,,,,,,,,,,,,,,,,,,,,59524,1534,1373,1199,174,35,0,0,10,18,98
"42003520002","14000US42003520002","Census Tract 5200.02","Census Tract 5200.02, Allegheny County, Pennsylvania","pa","140","00","ACSSF","0006431",,,,,"42","003",,,,"520002",,,,,,,,,,,,,,,,,,,,,,,,,,,,,,,,,,,,,47345,1740,1471,1272,199,153,0,0,29,0,87
"42003521100","14000US42003521100","Census Tract 5211","Census Tract 5211, Allegheny County, Pennsylvania","pa","140","00","ACSSF","0006432",,,,,"42","003",,,,"521100",,,,,,,,,,,,,,,,,,,,,,,,,,,,,,,,,,,,,79735,2512,2119,1739,380,172,0,0,53,14,154
"42003521200","14000US42003521200","Census Tract 5212","Census Tract 5212, Allegheny County, Pennsylvania","pa","140","00","ACSSF","0006433",,,,,"42","003",,,,"521200",,,,,,,,,,,,,,,,,,,,,,,,,,,,,,,,,,,,,55750,2038,1885,1740,145,87,0,0,0,13,53
"42003521301","14000US42003521301","Census Tract 5213.01","Census Tract 5213.01, Allegheny County, Pennsylvania","pa","140","00","ACSSF","0006434",,,,,"42","003",,,,"521301",,,,,,,,,,,,,,,,,,,,,,,,,,,,,,,,,,,,,42250,1891,1403,1207,196,155,0,0,89,21,223
"42003521302","14000US42003521302","Census Tract 5213.02","Census Tract 5213.02, Allegheny County, Pennsylvania","pa","140","00","ACSSF","0006435",,,,,"42","003",,,,"521302",,,,,,,,,,,,,,,,,,,,,,,,,,,,,,,,,,,,,58142,2448,2030,1839,191,166,0,0,49,79,124
"42003521401","14000US42003521401","Census Tract 5214.01","Census Tract 5214.01, Allegheny County, Pennsylvania","pa","140","00","ACSSF","0006436",,,,,"42","003",,,,"521401",,,,,,,,,,,,,,,,,,,,,,,,,,,,,,,,,,,,,62134,1516,1350,1171,179,34,0,0,0,9,123
"42003521402","14000US42003521402","Census Tract 5214.02","Census Tract 5214.02, Allegheny County, Pennsylvania","pa","140","00","ACSSF","0006437",,,,,"42","003",,,,"521402",,,,,,,,,,,,,,,,,,,,,,,,,,,,,,,,,,,,,102174,1902,1717,1592,125,84,0,0,0,0,101
"42003521500","14000US42003521500","Census Tract 5215","Census Tract 5215, Allegheny County, Pennsylvania","pa","140","00","ACSSF","0006438",,,,,"42","003",,,,"521500",,,,,,,,,,,,,,,,,,,,,,,,,,,,,,,,,,,,,61510,1995,1704,1579,125,112,0,0,26,12,141
"42003522000","14000US42003522000","Census Tract 5220","Census Tract 5220, Allegheny County, Pennsylvania","pa","140","00","ACSSF","0006439",,,,,"42","003",,,,"522000",,,,,,,,,,,,,,,,,,,,,,,,,,,,,,,,,,,,,33769,1418,1149,963,186,185,0,0,15,0,69
"42003523100","14000US42003523100","Census Tract 5231","Census Tract 5231, Allegheny County, Pennsylvania","pa","140","00","ACSSF","0006440",,,,,"42","003",,,,"523100",,,,,,,,,,,,,,,,,,,,,,,,,,,,,,,,,,,,,49375,1727,1272,1182,90,394,0,13,8,0,40
"42003523200","14000US42003523200","Census Tract 5232","Census Tract 5232, Allegheny County, Pennsylvania","pa","140","00","ACSSF","0006441",,,,,"42","003",,,,"523200",,,,,,,,,,,,,,,,,,,,,,,,,,,,,,,,,,,,,50759,2080,1711,1327,384,283,0,0,13,0,73
"42003523300","14000US42003523300","Census Tract 5233","Census Tract 5233, Allegheny County, Pennsylvania","pa","140","00","ACSSF","0006442",,,,,"42","003",,,,"523300",,,,,,,,,,,,,,,,,,,,,,,,,,,,,,,,,,,,,58349,2054,1648,1386,262,301,0,0,2,20,83
"42003523400","14000US42003523400","Census Tract 5234","Census Tract 5234, Allegheny County, Pennsylvania","pa","140","00","ACSSF","0006443",,,,,"42","003",,,,"523400",,,,,,,,,,,,,,,,,,,,,,,,,,,,,,,,,,,,,53558,2495,2165,1802,363,190,0,0,22,0,118
"42003523501","14000US42003523501","Census Tract 5235.01","Census Tract 5235.01, Allegheny County, Pennsylvania","pa","140","00","ACSSF","0006444",,,,,"42","003",,,,"523501",,,,,,,,,,,,,,,,,,,,,,,,,,,,,,,,,,,,,57277,2261,2016,1740,276,121,0,0,39,47,38
"42003523502","14000US42003523502","Census Tract 5235.02","Census Tract 5235.02, Allegheny County, Pennsylvania","pa","140","00","ACSSF","0006445",,,,,"42","003",,,,"523502",,,,,,,,,,,,,,,,,,,,,,,,,,,,,,,,,,,,,41902,743,625,491,134,51,6,0,8,6,47
"42003523600","14000US42003523600","Census Tract 5236","Census Tract 5236, Allegheny County, Pennsylvania","pa","140","00","ACSSF","0006446",,,,,"42","003",,,,"523600",,,,,,,,,,,,,,,,,,,,,,,,,,,,,,,,,,,,,64224,2232,1853,1713,140,190,0,0,32,53,104
"42003523701","14000US42003523701","Census Tract 5237.01","Census Tract 5237.01, Allegheny County, Pennsylvania","pa","140","00","ACSSF","0006447",,,,,"42","003",,,,"523701",,,,,,,,,,,,,,,,,,,,,,,,,,,,,,,,,,,,,51019,2102,1871,1761,110,45,0,0,54,25,107
"42003523702","14000US42003523702","Census Tract 5237.02","Census Tract 5237.02, Allegheny County, Pennsylvania","pa","140","00","ACSSF","0006448",,,,,"42","003",,,,"523702",,,,,,,,,,,,,,,,,,,,,,,,,,,,,,,,,,,,,53224,2864,2338,2116,222,146,0,0,137,0,243
"42003523800","14000US42003523800","Census Tract 5238","Census Tract 5238, Allegheny County, Pennsylvania","pa","140","00","ACSSF","0006449",,,,,"42","003",,,,"523800",,,,,,,,,,,,,,,,,,,,,,,,,,,,,,,,,,,,,53711,2200,1950,1838,112,140,0,0,19,0,91
"42003524000","14000US42003524000","Census Tract 5240","Census Tract 5240, Allegheny County, Pennsylvania","pa","140","00","ACSSF","0006450",,,,,"42","003",,,,"524000",,,,,,,,,,,,,,,,,,,,,,,,,,,,,,,,,,,,,41947,1355,1128,953,175,99,5,5,51,7,60
"42003525100","14000US42003525100","Census Tract 5251","Census Tract 5251, Allegheny County, Pennsylvania","pa","140","00","ACSSF","0006451",,,,,"42","003",,,,"525100",,,,,,,,,,,,,,,,,,,,,,,,,,,,,,,,,,,,,85987,1076,928,866,62,32,0,0,17,0,99
"42003525200","14000US42003525200","Census Tract 5252","Census Tract 5252, Allegheny County, Pennsylvania","pa","140","00","ACSSF","0006452",,,,,"42","003",,,,"525200",,,,,,,,,,,,,,,,,,,,,,,,,,,,,,,,,,,,,54962,1169,1015,869,146,27,0,0,51,0,76
"42003525300","14000US42003525300","Census Tract 5253","Census Tract 5253, Allegheny County, Pennsylvania","pa","140","00","ACSSF","0006453",,,,,"42","003",,,,"525300",,,,,,,,,,,,,,,,,,,,,,,,,,,,,,,,,,,,,66125,1042,980,884,96,4,0,0,27,0,31
"42003526101","14000US42003526101","Census Tract 5261.01","Census Tract 5261.01, Allegheny County, Pennsylvania","pa","140","00","ACSSF","0006454",,,,,"42","003",,,,"526101",,,,,,,,,,,,,,,,,,,,,,,,,,,,,,,,,,,,,92576,3933,3673,3386,287,20,0,0,9,15,216
"42003526102","14000US42003526102","Census Tract 5261.02","Census Tract 5261.02, Allegheny County, Pennsylvania","pa","140","00","ACSSF","0006455",,,,,"42","003",,,,"526102",,,,,,,,,,,,,,,,,,,,,,,,,,,,,,,,,,,,,64250,1011,982,895,87,0,0,0,0,0,29
"42003526201","14000US42003526201","Census Tract 5262.01","Census Tract 5262.01, Allegheny County, Pennsylvania","pa","140","00","ACSSF","0006456",,,,,"42","003",,,,"526201",,,,,,,,,,,,,,,,,,,,,,,,,,,,,,,,,,,,,77171,1959,1787,1643,144,33,0,0,41,0,98
"42003526202","14000US42003526202","Census Tract 5262.02","Census Tract 5262.02, Allegheny County, Pennsylvania","pa","140","00","ACSSF","0006457",,,,,"42","003",,,,"526202",,,,,,,,,,,,,,,,,,,,,,,,,,,,,,,,,,,,,64898,2177,1872,1787,85,39,0,0,19,15,232
"42003526301","14000US42003526301","Census Tract 5263.01","Census Tract 5263.01, Allegheny County, Pennsylvania","pa","140","00","ACSSF","0006458",,,,,"42","003",,,,"526301",,,,,,,,,,,,,,,,,,,,,,,,,,,,,,,,,,,,,71154,2204,2041,1916,125,72,0,12,0,10,69
"42003526302","14000US42003526302","Census Tract 5263.02","Census Tract 5263.02, Allegheny County, Pennsylvania","pa","140","00","ACSSF","0006459",,,,,"42","003",,,,"526302",,,,,,,,,,,,,,,,,,,,,,,,,,,,,,,,,,,,,70679,2954,2698,2506,192,105,0,19,0,18,114
"42003550900","14000US42003550900","Census Tract 5509","Census Tract 5509, Allegheny County, Pennsylvania","pa","140","00","ACSSF","0006460",,,,,"42","003",,,,"550900",,,,,,,,,,,,,,,,,,,,,,,,,,,,,,,,,,,,,32534,548,343,314,29,84,0,12,99,0,10
"42003551200","14000US42003551200","Census Tract 5512","Census Tract 5512, Allegheny County, Pennsylvania","pa","140","00","ACSSF","0006461",,,,,"42","003",,,,"551200",,,,,,,,,,,,,,,,,,,,,,,,,,,,,,,,,,,,,23135,1276,953,859,94,132,0,6,165,0,20
"42003551300","14000US42003551300","Census Tract 5513","Census Tract 5513, Allegheny County, Pennsylvania","pa","140","00","ACSSF","0006462",,,,,"42","003",,,,"551300",,,,,,,,,,,,,,,,,,,,,,,,,,,,,,,,,,,,,53393,1322,1194,1127,67,12,0,0,60,44,12
"42003551900","14000US42003551900","Census Tract 5519","Census Tract 5519, Allegheny County, Pennsylvania","pa","140","00","ACSSF","0006463",,,,,"42","003",,,,"551900",,,,,,,,,,,,,,,,,,,,,,,,,,,,,,,,,,,,,13919,443,270,213,57,113,0,15,31,0,14
"42003552000","14000US42003552000","Census Tract 5520","Census Tract 5520, Allegheny County, Pennsylvania","pa","140","00","ACSSF","0006464",,,,,"42","003",,,,"552000",,,,,,,,,,,,,,,,,,,,,,,,,,,,,,,,,,,,,34326,1113,897,744,153,160,0,0,37,19,0
"42003552100","14000US42003552100","Census Tract 5521","Census Tract 5521, Allegheny County, Pennsylvania","pa","140","00","ACSSF","0006465",,,,,"42","003",,,,"552100",,,,,,,,,,,,,,,,,,,,,,,,,,,,,,,,,,,,,19688,266,178,119,59,55,0,0,8,19,6
"42003552200","14000US42003552200","Census Tract 5522","Census Tract 5522, Allegheny County, Pennsylvania","pa","140","00","ACSSF","0006466",,,,,"42","003",,,,"552200",,,,,,,,,,,,,,,,,,,,,,,,,,,,,,,,,,,,,23829,377,293,287,6,29,9,0,46,0,0
"42003552300","14000US42003552300","Census Tract 5523","Census Tract 5523, Allegheny County, Pennsylvania","pa","140","00","ACSSF","0006467",,,,,"42","003",,,,"552300",,,,,,,,,,,,,,,,,,,,,,,,,,,,,,,,,,,,,27128,706,562,446,116,104,0,0,13,21,6
"42003552400","14000US42003552400","Census Tract 5524","Census Tract 5524, Allegheny County, Pennsylvania","pa","140","00","ACSSF","0006468",,,,,"42","003",,,,"552400",,,,,,,,,,,,,,,,,,,,,,,,,,,,,,,,,,,,,38063,1243,1162,1043,119,50,0,0,12,7,12
"42003560400","14000US42003560400","Census Tract 5604","Census Tract 5604, Allegheny County, Pennsylvania","pa","140","00","ACSSF","0006469",,,,,"42","003",,,,"560400",,,,,,,,,,,,,,,,,,,,,,,,,,,,,,,,,,,,,31116,968,442,396,46,334,0,28,62,15,87
"42003560500","14000US42003560500","Census Tract 5605","Census Tract 5605, Allegheny County, Pennsylvania","pa","140","00","ACSSF","0006470",,,,,"42","003",,,,"560500",,,,,,,,,,,,,,,,,,,,,,,,,,,,,,,,,,,,,63583,1692,1107,1046,61,359,0,33,48,9,136
"42003560600","14000US42003560600","Census Tract 5606","Census Tract 5606, Allegheny County, Pennsylvania","pa","140","00","ACSSF","0006471",,,,,"42","003",,,,"560600",,,,,,,,,,,,,,,,,,,,,,,,,,,,,,,,,,,,,18050,396,177,157,20,121,0,12,28,6,52
"42003561000","14000US42003561000","Census Tract 5610","Census Tract 5610, Allegheny County, Pennsylvania","pa","140","00","ACSSF","0006472",,,,,"42","003",,,,"561000",,,,,,,,,,,,,,,,,,,,,,,,,,,,,,,,,,,,,32125,538,214,190,24,265,0,0,32,0,27
"42003561100","14000US42003561100","Census Tract 5611","Census Tract 5611, Allegheny County, Pennsylvania","pa","140","00","ACSSF","0006473",,,,,"42","003",,,,"561100",,,,,,,,,,,,,,,,,,,,,,,,,,,,,,,,,,,,,21680,288,96,71,25,133,0,19,21,0,19
"42003561200","14000US42003561200","Census Tract 5612","Census Tract 5612, Allegheny County, Pennsylvania","pa","140","00","ACSSF","0006474",,,,,"42","003",,,,"561200",,,,,,,,,,,,,,,,,,,,,,,,,,,,,,,,,,,,,31750,472,232,202,30,142,0,0,92,0,6
"42003561400","14000US42003561400","Census Tract 5614","Census Tract 5614, Allegheny County, Pennsylvania","pa","140","00","ACSSF","0006475",,,,,"42","003",,,,"561400",,,,,,,,,,,,,,,,,,,,,,,,,,,,,,,,,,,,,34904,2181,1628,1108,520,343,0,0,50,0,160
"42003561500","14000US42003561500","Census Tract 5615","Census Tract 5615, Allegheny County, Pennsylvania","pa","140","00","ACSSF","0006476",,,,,"42","003",,,,"561500",,,,,,,,,,,,,,,,,,,,,,,,,,,,,,,,,,,,,37649,1475,937,814,123,283,8,0,74,0,173
"42003561600","14000US42003561600","Census Tract 5616","Census Tract 5616, Allegheny County, Pennsylvania","pa","140","00","ACSSF","0006477",,,,,"42","003",,,,"561600",,,,,,,,,,,,,,,,,,,,,,,,,,,,,,,,,,,,,40000,1125,807,650,157,192,5,8,36,44,33
"42003561700","14000US42003561700","Census Tract 5617","Census Tract 5617, Allegheny County, Pennsylvania","pa","140","00","ACSSF","0006478",,,,,"42","003",,,,"561700",,,,,,,,,,,,,,,,,,,,,,,,,,,,,,,,,,,,,45625,413,344,269,75,51,0,0,0,8,10
"42003561900","14000US42003561900","Census Tract 5619","Census Tract 5619, Allegheny County, Pennsylvania","pa","140","00","ACSSF","0006479",,,,,"42","003",,,,"561900",,,,,,,,,,,,,,,,,,,,,,,,,,,,,,,,,,,,,30000,734,452,386,66,223,0,21,28,10,0
"42003562000","14000US42003562000","Census Tract 5620","Census Tract 5620, Allegheny County, Pennsylvania","pa","140","00","ACSSF","0006480",,,,,"42","003",,,,"562000",,,,,,,,,,,,,,,,,,,,,,,,,,,,,,,,,,,,,21118,1357,346,329,17,185,0,31,735,0,60
"42003562300","14000US42003562300","Census Tract 5623","Census Tract 5623, Allegheny County, Pennsylvania","pa","140","00","ACSSF","0006481",,,,,"42","003",,,,"562300",,,,,,,,,,,,,,,,,,,,,,,,,,,,,,,,,,,,,19130,943,713,519,194,49,0,9,118,0,54
"42003562400","14000US42003562400","Census Tract 5624","Census Tract 5624, Allegheny County, Pennsylvania","pa","140","00","ACSSF","0006482",,,,,"42","003",,,,"562400",,,,,,,,,,,,,,,,,,,,,,,,,,,,,,,,,,,,,33558,1161,879,797,82,249,0,0,13,0,20
"42003562500","14000US42003562500","Census Tract 5625","Census Tract 5625, Allegheny County, Pennsylvania","pa","140","00","ACSSF","0006483",,,,,"42","003",,,,"562500",,,,,,,,,,,,,,,,,,,,,,,,,,,,,,,,,,,,,25120,971,915,543,372,47,0,0,8,0,1
"42003562600","14000US42003562600","Census Tract 5626","Census Tract 5626, Allegheny County, Pennsylvania","pa","140","00","ACSSF","0006484",,,,,"42","003",,,,"562600",,,,,,,,,,,,,,,,,,,,,,,,,,,,,,,,,,,,,39531,1223,1087,999,88,35,0,0,28,7,66
"42003562700","14000US42003562700","Census Tract 5627","Census Tract 5627, Allegheny County, Pennsylvania","pa","140","00","ACSSF","0006485",,,,,"42","003",,,,"562700",,,,,,,,,,,,,,,,,,,,,,,,,,,,,,,,,,,,,42738,1174,564,530,34,163,0,24,372,0,51
"42003562800","14000US42003562800","Census Tract 5628","Census Tract 5628, Allegheny County, Pennsylvania","pa","140","00","ACSSF","0006486",,,,,"42","003",,,,"562800",,,,,,,,,,,,,,,,,,,,,,,,,,,,,,,,,,,,,43438,821,719,614,105,55,0,0,23,0,24
"42003562900","14000US42003562900","Census Tract 5629","Census Tract 5629, Allegheny County, Pennsylvania","pa","140","00","ACSSF","0006487",,,,,"42","003",,,,"562900",,,,,,,,,,,,,,,,,,,,,,,,,,,,,,,,,,,,,38301,766,580,460,120,145,0,0,13,23,5
"42003563000","14000US42003563000","Census Tract 5630","Census Tract 5630, Allegheny County, Pennsylvania","pa","140","00","ACSSF","0006488",,,,,"42","003",,,,"563000",,,,,,,,,,,,,,,,,,,,,,,,,,,,,,,,,,,,,64750,1729,1416,1240,176,263,0,11,22,0,17
"42003563100","14000US42003563100","Census Tract 5631","Census Tract 5631, Allegheny County, Pennsylvania","pa","140","00","ACSSF","0006489",,,,,"42","003",,,,"563100",,,,,,,,,,,,,,,,,,,,,,,,,,,,,,,,,,,,,56149,2062,1705,1571,134,276,0,0,17,0,64
"42003563200","14000US42003563200","Census Tract 5632","Census Tract 5632, Allegheny County, Pennsylvania","pa","140","00","ACSSF","0006490",,,,,"42","003",,,,"563200",,,,,,,,,,,,,,,,,,,,,,,,,,,,,,,,,,,,,29750,1198,518,465,53,131,0,33,357,8,151
"42003563300","14000US42003563300","Census Tract 5633","Census Tract 5633, Allegheny County, Pennsylvania","pa","140","00","ACSSF","0006491",,,,,"42","003",,,,"563300",,,,,,,,,,,,,,,,,,,,,,,,,,,,,,,,,,,,,164688,727,642,609,33,11,0,0,7,8,59
"42003563800","14000US42003563800","Census Tract 5638","Census Tract 5638, Allegheny County, Pennsylvania","pa","140","00","ACSSF","0006492",,,,,"42","003",,,,"563800",,,,,,,,,,,,,,,,,,,,,,,,,,,,,,,,,,,,,77823,1574,1381,1255,126,26,0,0,49,21,97
"42003563900","14000US42003563900","Census Tract 5639","Census Tract 5639, Allegheny County, Pennsylvania","pa","140","00","ACSSF","0006493",,,,,"42","003",,,,"563900",,,,,,,,,,,,,,,,,,,,,,,,,,,,,,,,,,,,,56369,2222,1890,1743,147,153,9,0,31,13,126
"42003564000","14000US42003564000","Census Tract 5640","Census Tract 5640, Allegheny County, Pennsylvania","pa","140","00","ACSSF","0006494",,,,,"42","003",,,,"564000",,,,,,,,,,,,,,,,,,,,,,,,,,,,,,,,,,,,,73661,3542,3371,3191,180,0,9,0,7,30,125
"42003564100","14000US42003564100","Census Tract 5641","Census Tract 5641, Allegheny County, Pennsylvania","pa","140","00","ACSSF","0006495",,,,,"42","003",,,,"564100",,,,,,,,,,,,,,,,,,,,,,,,,,,,,,,,,,,,,145179,468,400,376,24,10,0,0,14,2,42
"42003564200","14000US42003564200","Census Tract 5642","Census Tract 5642, Allegheny County, Pennsylvania","pa","140","00","ACSSF","0006496",,,,,"42","003",,,,"564200",,,,,,,,,,,,,,,,,,,,,,,,,,,,,,,,,,,,,61075,1126,1038,951,87,22,9,0,1,9,47
"42003564400","14000US42003564400","Census Tract 5644","Census Tract 5644, Allegheny County, Pennsylvania","pa","140","00","ACSSF","0006497",,,,,"42","003",,,,"564400",,,,,,,,,,,,,,,,,,,,,,,,,,,,,,,,,,,,,48125,2838,2640,2351,289,35,0,5,33,7,118
"42003564500","14000US42003564500","Census Tract 5645","Census Tract 5645, Allegheny County, Pennsylvania","pa","140","00","ACSSF","0006498",,,,,"42","003",,,,"564500",,,,,,,,,,,,,,,,,,,,,,,,,,,,,,,,,,,,,67400,1407,1256,1105,151,95,10,0,9,5,32
"42003980000","14000US42003980000","Census Tract 9800","Census Tract 9800, Allegheny County, Pennsylvania","pa","140","00","ACSSF","0006499",,,,,"42","003",,,,"980000",,,,,,,,,,,,,,,,,,,,,,,,,,,,,,,,,,,,,,0,0,0,0,0,0,0,0,0,0
"42003980100","14000US42003980100","Census Tract 9801","Census Tract 9801, Allegheny County, Pennsylvania","pa","140","00","ACSSF","0006500",,,,,"42","003",,,,"980100",,,,,,,,,,,,,,,,,,,,,,,,,,,,,,,,,,,,,,13,13,0,13,0,0,0,0,0,0
"42003980300","14000US42003980300","Census Tract 9803","Census Tract 9803, Allegheny County, Pennsylvania","pa","140","00","ACSSF","0006501",,,,,"42","003",,,,"980300",,,,,,,,,,,,,,,,,,,,,,,,,,,,,,,,,,,,,,0,0,0,0,0,0,0,0,0,0
"42003980400","14000US42003980400","Census Tract 9804","Census Tract 9804, Allegheny County, Pennsylvania","pa","140","00","ACSSF","0006502",,,,,"42","003",,,,"980400",,,,,,,,,,,,,,,,,,,,,,,,,,,,,,,,,,,,,,0,0,0,0,0,0,0,0,0,0
"42003980500","14000US42003980500","Census Tract 9805","Census Tract 9805, Allegheny County, Pennsylvania","pa","140","00","ACSSF","0006503",,,,,"42","003",,,,"980500",,,,,,,,,,,,,,,,,,,,,,,,,,,,,,,,,,,,,,0,0,0,0,0,0,0,0,0,0
"42003980600","14000US42003980600","Census Tract 9806","Census Tract 9806, Allegheny County, Pennsylvania","pa","140","00","ACSSF","0006504",,,,,"42","003",,,,"980600",,,,,,,,,,,,,,,,,,,,,,,,,,,,,,,,,,,,,,0,0,0,0,0,0,0,0,0,0
"42003980700","14000US42003980700","Census Tract 9807","Census Tract 9807, Allegheny County, Pennsylvania","pa","140","00","ACSSF","0006505",,,,,"42","003",,,,"980700",,,,,,,,,,,,,,,,,,,,,,,,,,,,,,,,,,,,,,4,0,0,0,4,0,0,0,0,0
"42003980800","14000US42003980800","Census Tract 9808","Census Tract 9808, Allegheny County, Pennsylvania","pa","140","00","ACSSF","0006506",,,,,"42","003",,,,"980800",,,,,,,,,,,,,,,,,,,,,,,,,,,,,,,,,,,,,,0,0,0,0,0,0,0,0,0,0
"42003980900","14000US42003980900","Census Tract 9809","Census Tract 9809, Allegheny County, Pennsylvania","pa","140","00","ACSSF","0006507",,,,,"42","003",,,,"980900",,,,,,,,,,,,,,,,,,,,,,,,,,,,,,,,,,,,,,0,0,0,0,0,0,0,0,0,0
"42003981000","14000US42003981000","Census Tract 9810","Census Tract 9810, Allegheny County, Pennsylvania","pa","140","00","ACSSF","0006508",,,,,"42","003",,,,"981000",,,,,,,,,,,,,,,,,,,,,,,,,,,,,,,,,,,,,,0,0,0,0,0,0,0,0,0,0
"42003981100","14000US42003981100","Census Tract 9811","Census Tract 9811, Allegheny County, Pennsylvania","pa","140","00","ACSSF","0006509",,,,,"42","003",,,,"981100",,,,,,,,,,,,,,,,,,,,,,,,,,,,,,,,,,,,,,0,0,0,0,0,0,0,0,0,0
"42003981200","14000US42003981200","Census Tract 9812","Census Tract 9812, Allegheny County, Pennsylvania","pa","140","00","ACSSF","0006510",,,,,"42","003",,,,"981200",,,,,,,,,,,,,,,,,,,,,,,,,,,,,,,,,,,,,,0,0,0,0,0,0,0,0,0,0
"42003981800","14000US42003981800","Census Tract 9818","Census Tract 9818, Allegheny County, Pennsylvania","pa","140","00","ACSSF","0006511",,,,,"42","003",,,,"981800",,,,,,,,,,,,,,,,,,,,,,,,,,,,,,,,,,,,,,65,28,19,9,4,0,0,22,0,11
"42003982200","14000US42003982200","Census Tract 9822","Census Tract 9822, Allegheny County, Pennsylvania","pa","140","00","ACSSF","0006512",,,,,"42","003",,,,"982200",,,,,,,,,,,,,,,,,,,,,,,,,,,,,,,,,,,,,169063,996,122,72,50,209,0,8,599,10,48
